URL,Clics_Actuels,Clics_Précédents,Clics_Différence,Impressions_Actuelles,Impressions_Précédentes,Impressions_Différence
https://www.legrand.fr/pro/normes-et-reglementations/norme-nf-c-15-100/norme-nf-c-15-100-suivez-le-guide,3059,2469,590,123367,98425,24942
https://www.legrand.fr/,2640,2152,488,70194,67231,2963
https://www.legrand.fr/questions-frequentes/que-doit-on-brancher-sur-un-interrupteur-differentiel-de-type-a,1379,1085,294,13676,12175,1501
https://www.legrand.fr/pro/normes-et-reglementations/eclairage-de-securite/normes-et-eclairage-de-securite-et-baes-ce-quil-faut-savoir,770,520,250,17626,14288,3338
https://www.legrand.fr/questions-frequentes/quelle-difference-entre-interrupteur-differentiel-et-disjoncteur-differentiel,878,712,166,18099,16960,1139
https://www.legrand.fr/questions-frequentes/quel-interrupteur-differentiel-choisir-pour-son-tableau-electrique,622,492,130,9783,8159,1624
https://www.legrand.fr/questions-frequentes/comment-cabler-un-interrupteur-va-et-vient,483,365,118,24826,18423,6403
https://www.legrand.fr/questions-frequentes/comment-installer-un-parafoudre-au-tableau-electrique,322,218,104,4910,3679,1231
https://www.legrand.fr/catalogue/interrupteurs-et-prises/celiane,516,415,101,17171,17014,157
https://www.legrand.fr/questions-frequentes/le-parafoudre-est-il-obligatoire,371,270,101,7659,5982,1677
https://www.legrand.fr/questions-frequentes/quelle-courbe-choisir-pour-un-disjoncteur,665,570,95,7015,6052,963
https://www.legrand.fr/mon-projet/tutoriels/comment-installer-et-raccorder-une-prise-electrique-rj-45,384,290,94,13161,10548,2613
https://www.legrand.fr/questions-frequentes/quelle-section-de-cable-electrique-entre-le-compteur-et-le-tableau,746,659,87,12665,11666,999
https://www.legrand.fr/questions-frequentes/comment-effectuer-linstallation-de-ma-prise-de-recharge-pour-voiture-electrique,406,321,85,17380,14109,3271
https://www.legrand.fr/questions-frequentes/quel-disjoncteur-choisir-pour-proteger-le-circuit-dedie-a-un-four,512,430,82,7860,7375,485
https://www.legrand.fr/pro/catalogue/pret-a-poser-greenup-access-pour-vehicule-electrique-avec-prise-de-courant-saillie-patere-et-disjoncteur-differentiel,204,124,80,5866,3355,2511
https://www.legrand.fr/questions-frequentes/quelle-est-la-norme-nf-c-15-100-pour-la-salle-de-bain,333,254,79,6633,6193,440
https://www.legrand.fr/questions-frequentes/comment-brancher-un-interrupteur-va-et-vient-dans-une-piece,1155,1079,76,51228,48402,2826
https://www.legrand.fr/questions-frequentes/combien-de-radiateurs-par-disjoncteur,375,299,76,8796,7313,1483
https://www.legrand.fr/catalogue/interrupteurs-et-prises,564,491,73,48525,36854,11671
https://www.legrand.fr/guides/tout-savoir-sur-la-prise-rj45,646,575,71,31387,26606,4781
https://www.legrand.fr/questions-frequentes/quel-interrupteur-differentiel-choisir,329,259,70,7667,6661,1006
https://www.legrand.fr/mon-projet/tutoriels/comment-installer-un-pret-a-poser-green-up-access-pour-vehicule-electrique,554,485,69,5105,4747,358
https://www.legrand.fr/questions-frequentes/combien-de-disjoncteurs-par-interrupteur-differentiel-63-a,383,314,69,6503,5768,735
https://www.legrand.fr/pro/catalogue,544,476,68,12895,10593,2302
