url,clicks_current,clicks_previous,clicks_variation_%,impressions_current,impressions_previous,impressions_variation_%,ctr_current_%,ctr_previous_%,position_current,position_previous
https://www.legrand.fr/catalogue/interrupteur/detecteur-mural-mosaic-sans-neutre-2-modules-blanc,1,16,-93.75,84,205,-59.02,1.19,7.8,33.3,23.4
https://www.legrand.fr/pro/catalogue/prise-de-courant-2pt-etanche-plexo-16a-250v-ip55-ik08-avec-enjoliveur-finition-sable,1,14,-92.86,177,433,-59.12,0.56,3.23,19.9,14.5
https://www.legrand.fr/pro/catalogue/programmateur-menager-hebdomadaire-avec-fiche-2pt-et-socle-2pt-16a,1,13,-92.31,71,238,-70.17,1.41,5.46,15.4,14.9
https://www.legrand.fr/pro/catalogue/transformateur-disolement-monophase-primaire-230v-a-400v-et-secondaire-115v-a-230v-4kva,1,13,-92.31,12,269,-95.54,8.33,4.83,7,11.0
https://www.legrand.fr/pro/outils/tutoriels/comment-monter-et-demonter-lappareillage-saillie-asl-simple-et-double,1,13,-92.31,17,88,-80.68,5.88,14.77,14.8,7.0
https://www.legrand.fr/mon-projet/je-minspire/piece-par-piece/salon-et-salle-a-manger/commander-les-volets-roulants-de-toute-ma-maison-depuis-mon-salon,1,12,-91.67,358,552,-35.14,0.28,2.17,14.0,9.3
https://www.legrand.fr/pro/catalogue/coffret-de-commande-de-relayage-rearmement-etanche-plexo-ip55-ik07-2-contacts-no-livre-avec-2-cles-complet-fixation-saillie,1,12,-91.67,20,61,-67.21,5.0,19.67,6.8,6.2
https://www.legrand.fr/actualites/installation-electrique-et-compteur-linky-quels-changements,1,11,-90.91,554,1081,-48.75,0.18,1.02,13.1,11.0
https://www.legrand.fr/pro/catalogue/prise-de-courant-2pt-15a-standard-us-mosaic-2-modules-blanc,1,11,-90.91,61,125,-51.2,1.64,8.8,31.8,33.6
https://www.legrand.fr/pro/catalogue/sirene-electromecanique-ip30-ik05-tension-230v-fixation-saillie-ou-semi-encastree,1,11,-90.91,58,83,-30.12,1.72,13.25,6.9,6.4
https://www.legrand.fr/maison-connectee/des-commandes-sans-fil-faciles-a-poser-et-a-deplacer,1,10,-90.0,71,257,-72.37,1.41,3.89,25.2,27.4
https://www.legrand.fr/pro/catalogue/coffret-distribution-metal-xl3160-tout-modulaire-2-rangees-450x575x147mm-48-modules,1,10,-90.0,3,52,-94.23,33.33,19.23,1.7,14.2
https://www.legrand.fr/pro/catalogue/disjoncteur-differentiel-unineutre-230v-16a-30ma-mosaic-2-modules-blanc,1,10,-90.0,14,47,-70.21,7.14,21.28,31.4,18.2
https://www.legrand.fr/pro/catalogue/fiche-2pt-32a-a-sortie-laterale-par-embout-avec-serre-cables,1,10,-90.0,15,123,-87.8,6.67,8.13,3.9,6.1
https://www.legrand.fr/pro/catalogue/actionneur-myhome-up-modulaire-2-relais-pour-gestion-avancee-volets-motorises-2-modules,1,9,-88.89,4,31,-87.1,25.0,29.03,14.2,12.3
https://www.legrand.fr/pro/catalogue/coffret-modulaire-mini-encastre-1-rangee-62-modules-213x205x71mm-avec-porte-isolante-blanc-ral9010,1,9,-88.89,104,158,-34.18,0.96,5.7,18.0,12.8
https://www.legrand.fr/pro/catalogue/disjoncteur-differentiel-monobloc-dx36000-10ka-arrivee-haute-et-depart-bas-a-vis-un-230v-16a-typef-30ma,1,9,-88.89,9,21,-57.14,11.11,42.86,47.3,11.0
https://www.legrand.fr/pro/catalogue/goulotte-1-compartiment-35x80mm-dlp-monobloc-blanc,1,9,-88.89,10,52,-80.77,10.0,17.31,25.6,9.6
https://www.legrand.fr/pro/catalogue/interrupteur-sectionneur-vistop-32a-4p-avec-commande-laterale-droite-et-poignee-noire,1,9,-88.89,6,77,-92.21,16.67,11.69,5,4.7
https://www.legrand.fr/pro/catalogue/sonnerie-a-timbre-electronique-80db-a-1m-mosaic-2-modules-tension-12v-24v-ou-48v-blanc,1,9,-88.89,13,51,-74.51,7.69,17.65,14.1,11.8
https://www.legrand.fr/pro/catalogue/support-mosaic-2-modules-pour-goulotte-dlp-monobloc-avec-couvercle-85mm,1,9,-88.89,1,25,-96.0,100,36.0,1,7.5
https://www.legrand.fr/pro/outils/tutoriels/appairer-une-commande-declairage-et-de-prises-celiane-self-e,1,9,-88.89,13,88,-85.23,7.69,10.23,6,6.8
https://www.legrand.fr/pro/questions-frequentes/je-souhaite-obtenir-un-certificat-de-conformite-comment-faire,1,9,-88.89,15,52,-71.15,6.67,17.31,37.9,24.5
https://www.legrand.fr/questions-frequentes/linterrupteur-double-connecte-avec-neutre-with-netatmo-fait-il-variation,1,9,-88.89,62,108,-42.59,1.61,8.33,7.7,8.9
https://www.legrand.fr/sites/default/files/doc-pap-bd.pdf,1,9,-88.89,2,49,-95.92,50.0,18.37,4,13.9
https://www.legrand.fr/pro/normes-et-reglementations/efficacite-energetique/systemes-de-pilotage-du-chauffage-obligatoires-dans-tous-les-logements-des-2027,2,16,-87.5,329,534,-38.39,0.61,3.0,39.5,40.5
https://www.legrand.fr/catalogue/interrupteur/double-interrupteur-ou-va-et-vient-dooxie-10ax-250v-finition-blanc-emballage-blister,1,8,-87.5,73,335,-78.21,1.37,2.39,6.8,5.6
https://www.legrand.fr/pro/actualites/reseau-multimedia-filaire-et-wi-fi-tout-ce-que-vous-devez-savoir,1,8,-87.5,52,127,-59.06,1.92,6.3,20.6,16.4
https://www.legrand.fr/pro/catalogue/adaptateur-2pt-16a-230v-pour-fiche-standard-britannique-sur-prise-standard-francais-ou-germanique,1,8,-87.5,23,80,-71.25,4.35,10.0,31.1,17.7
https://www.legrand.fr/pro/catalogue/alimentation-stabilisee-a-decoupage-triphasee-entree-3x380v-a-3x500v-et-sortie-24v-960w,1,8,-87.5,36,120,-70.0,2.78,6.67,13.9,9.9
https://www.legrand.fr/pro/catalogue/boite-multipostes-eco-batibox-2-postes-4-a-5-modules-profondeur-40mm,1,8,-87.5,10,61,-83.61,10.0,13.11,8.4,6.3
https://www.legrand.fr/pro/catalogue/commutateur-a-cames-inverseur-avec-position-arret-45deg-pr40-2p-4-contacts-boitier-135x70mm,1,8,-87.5,9,18,-50.0,11.11,44.44,35,10.7
https://www.legrand.fr/pro/catalogue/disjoncteur-differentiel-monobloc-dx36000-10ka-arrivee-haute-et-depart-bas-a-vis-un-230v-16a-typeac-10ma,1,8,-87.5,70,144,-51.39,1.43,5.56,14.5,13.1
https://www.legrand.fr/pro/catalogue/eclisse-de-jonction-pour-goulotte-a-clippage-direct-mosaic-50x80mm-50x130mm-ou-50x180mm-blanc,1,8,-87.5,28,39,-28.21,3.57,20.51,17.6,9.5
https://www.legrand.fr/pro/catalogue/interrupteur-sectionneur-dx3-is-4p-400v-20a-2-modules,1,8,-87.5,8,44,-81.82,12.5,18.18,17.9,22.9
https://www.legrand.fr/pro/catalogue/inverseur-de-source-manuel-pour-dx3-ou-dx3-is-3-poles-ou-3-modules,1,8,-87.5,56,216,-74.07,1.79,3.7,12.6,20.9
https://www.legrand.fr/pro/catalogue/ouie-daeration-plastique-avec-filtre-g3-ip54-ral7035-150x150mm,1,8,-87.5,23,64,-64.06,4.35,12.5,27.5,12.9
https://www.legrand.fr/pro/catalogue/pdu-avec-voyant-de-presence-tension-19pouces-1u-lcs3-avec-9-prises-2pt-et-cordon-dalimentation-3m-avec-fiche-2pt-16a,1,8,-87.5,3,36,-91.67,33.33,22.22,1,6.8
https://www.legrand.fr/pro/catalogue/pret-a-poser-dooxie-creer-une-prise-commandee-avec-1-prise-de-courant-et-1-commande-sans-fils-livre-complet-blanc,1,8,-87.5,65,184,-64.67,1.54,4.35,34.3,36.3
https://www.legrand.fr/pro/catalogue/prise-de-courant-2pt-surface-mosaic-link-raccordement-lateral-2-modules-rouge,1,8,-87.5,8,27,-70.37,12.5,29.63,3.2,2.3
https://www.legrand.fr/pro/catalogue/voyant-de-balisage-autonome-celiane-eclairage-circulaire-par-led-bleue,1,8,-87.5,7,49,-85.71,14.29,16.33,18.6,14.3
https://www.legrand.fr/questions-frequentes/comment-se-fait-la-mise-a-jour-firmware-du-portier-classe-100x-eliot,1,8,-87.5,4,19,-78.95,25.0,42.11,3,4.2
https://www.legrand.fr/questions-frequentes/comment-reinitialiser-le-thermostat-connecte-smarther-eliot,2,15,-86.67,86,226,-61.95,2.33,6.64,19.9,12.3
https://www.legrand.fr/catalogue/sonnette-et-carillon/carillon-2-notes-filaire-tempo-alimentation-avec-transformateur-230v-vers-12v-integre,2,14,-85.71,176,466,-62.23,1.14,3.0,17.8,15.5
https://www.legrand.fr/pro/catalogue/interrupteur-ou-va-et-vient-etanche-plexo-10ax-250v-ip55-ik08-livre-complet-pour-fixation-en-encastre-gris,2,14,-85.71,167,247,-32.39,1.2,5.67,16.6,16.3
https://www.legrand.fr/actualites/comment-se-preparer-a-la-fin-du-type-de-reseau-analogique,1,7,-85.71,395,611,-35.35,0.25,1.15,11.7,12.3
https://www.legrand.fr/catalogue/fusible/cartouches-fusibles-pour-appareils-electroniques-5x20mm-2a,1,7,-85.71,31,56,-44.64,3.23,12.5,25.2,13.7
https://www.legrand.fr/catalogue/interrupteur/interrupteur-ou-va-et-vient-temoin-voyant-fourni-sans-neutre-plexo-gris,1,7,-85.71,59,151,-60.93,1.69,4.64,29.1,15.8
https://www.legrand.fr/catalogue/plaque-de-couleur-et-cadre-saillie/plaque-celiane-metal-laiton-1-poste,1,7,-85.71,63,188,-66.49,1.59,3.72,24.5,27.6
https://www.legrand.fr/catalogue/prise/prise-tv-mosaic-simple-male-blanc-avec-plaque-et-fixation-a-vis,1,7,-85.71,45,119,-62.18,2.22,5.88,22.3,20.3
https://www.legrand.fr/catalogue/tableau-electrique/tableau-electrique-equipe-special-pour-extension-chambre,1,7,-85.71,183,335,-45.37,0.55,2.09,27.7,29.3
https://www.legrand.fr/mon-projet/tutoriels/remplacer-un-interrupteur-par-un-interrupteur-celiane-soft,1,7,-85.71,49,189,-74.07,2.04,3.7,9.2,11.8
https://www.legrand.fr/pro/catalogue/alimentation-stabilisee-a-decoupage-monophasee-entree-100v-a-240v-et-sortie-24v-480w,1,7,-85.71,8,67,-88.06,12.5,10.45,5,12.7
https://www.legrand.fr/pro/catalogue/barillet-a-cle-pour-cle-ndeg455-pour-coffret-atlantic-et-marina,1,7,-85.71,17,95,-82.11,5.88,7.37,23.9,26.5
https://www.legrand.fr/pro/catalogue/bloc-de-contact-osmoz-pour-boite-a-boutons-raccordement-a-vis-nf,1,7,-85.71,5,29,-82.76,20.0,24.14,20.4,23.3
https://www.legrand.fr/pro/catalogue/boitier-dautomatisme-pour-la-gestion-basique-de-2-disjoncteurs-dpx3-dmx3-ou-ctx3,1,7,-85.71,9,15,-40.0,11.11,46.67,12.1,2.3
https://www.legrand.fr/pro/catalogue/collier-a-embase-noir-protege-ultraviolets-a-denture-interieure-pour-cable-o13-a-o38mm-ou-conduit-irl-o16mm-a-o32mm,1,7,-85.71,4,17,-76.47,25.0,41.18,5,4.4
https://www.legrand.fr/pro/catalogue/commande-sans-fils-pour-volet-roulant-connecte-dooxie-with-netatmo-blanc-sans-plaque,1,7,-85.71,99,114,-13.16,1.01,6.14,32.0,28.7
https://www.legrand.fr/pro/catalogue/compteur-modulaire-triphase-emdx3-mid-raccordement-direct-63a-4-modules-avec-sortie-rs-485,1,7,-85.71,1,39,-97.44,100,17.95,2,16.1
https://www.legrand.fr/pro/catalogue/couvercle-220x260mm-pour-goulotte-gtl-drivia-13access-reference-030032,1,7,-85.71,26,104,-75.0,3.85,6.73,30.5,22.6
https://www.legrand.fr/pro/catalogue/double-prise-usb-type-c-dooxie-3a-15w-finition-blanc,1,7,-85.71,49,179,-72.63,2.04,3.91,23.9,13.4
https://www.legrand.fr/pro/catalogue/goulotte-dinstallation-logix-45-50x50mm-1-compartiment-fond-livre-seul-longueur-2m-pvc-blanc-artic,1,7,-85.71,13,55,-76.36,7.69,12.73,4.7,8.9
https://www.legrand.fr/pro/catalogue/interface-de-contact-modulaire-myhome-up-2-contacts-2-modules,1,7,-85.71,7,16,-56.25,14.29,43.75,5.7,10.9
https://www.legrand.fr/pro/catalogue/interrupteur-filaire-connecte-pour-volet-roulant-et-store-celiane-with-netatmo-titane-sans-plaque,1,7,-85.71,76,143,-46.85,1.32,4.9,33.1,25.8
https://www.legrand.fr/pro/catalogue/jeu-de-4-pattes-de-fixation-murale-pour-coffret-atlantic-metal-pour-charge-de-300kg-traitement-anti-corrosion,1,7,-85.71,4,22,-81.82,25.0,31.82,24,9.4
https://www.legrand.fr/pro/catalogue/plaque-celiane-laque-1-poste-finition-ivoire,1,7,-85.71,8,53,-84.91,12.5,13.21,9.6,19.6
https://www.legrand.fr/pro/catalogue/porte-plans-adhesif-pour-coffrets-ou-portes-drivia-13-modules-ou-18-modules,1,7,-85.71,9,47,-80.85,11.11,14.89,5.1,6.2
https://www.legrand.fr/pro/catalogue/profil-perfore-en-u-u2424-section-24x24x15mm-perforation-7x25mm-et-longueur-3m-finition-inox-316l,1,7,-85.71,16,43,-62.79,6.25,16.28,11.7,7.4
https://www.legrand.fr/pro/nouveautes-produits/detecteurs-mosaic,1,7,-85.71,60,164,-63.41,1.67,4.27,23.8,23.5
https://www.legrand.fr/pro/nouveautes-produits/dooxie-composable-noir,1,7,-85.71,138,330,-58.18,0.72,2.12,8.2,9.1
https://www.legrand.fr/pro/questions-frequentes/comment-retirer-linterieur-dun-plexo-tm,1,7,-85.71,50,163,-69.33,2.0,4.29,12.1,8.8
https://www.legrand.fr/questions-frequentes/quels-sont-les-avantages-de-la-prise-control-mobile-incluse-dans-le-pack-de-demarrage-pour-installation-connectee-mon-eclairage-connecte,1,7,-85.71,20,48,-58.33,5.0,14.58,23.8,33.3
https://www.legrand.fr/questions-frequentes/pourquoi-le-disjoncteur-saute-quand-il-fait-chaud,15,98,-84.69,279,865,-67.75,5.38,11.33,5.8,3.6
https://www.legrand.fr/pro/catalogue/vis-de-fixation-sachet-de-12-pour-goulotte-gtl-viadis-13-modules-blanc-artic,2,13,-84.62,24,110,-78.18,8.33,11.82,21.2,22.0
https://www.legrand.fr/questions-frequentes/comment-rallonger-une-prise-electrique,2,13,-84.62,572,623,-8.19,0.35,2.09,13.7,13.6
https://www.legrand.fr/pro/catalogue/disjoncteur-magnetothermique-differentiel-dpx3160-pouvoir-de-coupure-25ka-400v-4p-160a,3,18,-83.33,14,64,-78.12,21.43,28.12,3,4.1
https://www.legrand.fr/questions-frequentes/comment-modifier-la-configuration-wi-fi-de-ma-camera-interieure-intelligente-netatmo-eliot,3,18,-83.33,99,179,-44.69,3.03,10.06,5.5,7.6
https://www.legrand.fr/catalogue/tableau-electrique/coffret-a-equiper-9-modules-180-x-190-x-83mm-avec-bornier-de-terre,2,12,-83.33,182,343,-46.94,1.1,3.5,23.2,16.9
https://www.legrand.fr/questions-frequentes/ou-installer-ma-borne-ou-ma-prise-de-recharge-pour-ma-voiture-electrique-chez-moi,2,12,-83.33,55,209,-73.68,3.64,5.74,48.7,52.3
https://www.legrand.fr/catalogue/prise/double-prise-de-courant-avec-terre-etanche-precablee-avec-volet-plexo-16a-250v-livree-complete-pour-montage-en-apparent-horizontal-gris,1,6,-83.33,57,140,-59.29,1.75,4.29,15.6,14.6
https://www.legrand.fr/catalogue/prise/prise-de-courant-2pt-surface-confort-avec-prise-usb-type-c-integree-avec-plaque-celiane-blanc,1,6,-83.33,2031,2108,-3.65,0.05,0.28,5.1,6.0
https://www.legrand.fr/catalogue/prise/sortie-de-cable-20a-a-32a-blanc,1,6,-83.33,89,187,-52.41,1.12,3.21,7.1,7.9
https://www.legrand.fr/catalogue/prise/sortie-de-cable-ip44-dooxie-livree-complete-finition-blanc-emballage-blister,1,6,-83.33,40,158,-74.68,2.5,3.8,3.4,4.2
https://www.legrand.fr/catalogue/tableau-electrique-connecte/pack-de-demarrage-drivia-with-netatmo-pour-installation-photovoltaique-avec-module-control-compteur-denergie-delesteur-contacteur,1,6,-83.33,34,154,-77.92,2.94,3.9,11.3,13.9
https://www.legrand.fr/pro/actualites/tout-change-lappareillage-electrique-mosaic-tm-aussi,1,6,-83.33,514,598,-14.05,0.19,1.0,10.2,12.8
https://www.legrand.fr/pro/catalogue/alpimatic,1,6,-83.33,4,13,-69.23,25.0,46.15,34.2,4.1
https://www.legrand.fr/pro/catalogue/boite-de-derivation-plexo-rectangulaire-faible-encombrement-80x43x34mm-avec-10-embouts-pour-cables-et-tubes-7mm-a-16mm,1,6,-83.33,71,196,-63.78,1.41,3.06,7.5,8.2
https://www.legrand.fr/pro/catalogue/boite-de-derivation-rectangulaire-pour-presse-etoupe-plexo-dimensions-220x170x86mm-gris-ral7035,1,6,-83.33,10,33,-69.7,10.0,18.18,9,7.9
https://www.legrand.fr/pro/catalogue/boitier-reversible-simple-hypra-pour-prise-2pt-ip44-et-ip6667-55-16a-plastique,1,6,-83.33,4,30,-86.67,25.0,20.0,1.5,2.1
https://www.legrand.fr/pro/catalogue/borne-connexion-sans-vis-nylbloc-auto-grise-pour-8-fils-avec-intensite-maximum-24a-et-tension-disolement-450v,1,6,-83.33,10,19,-47.37,10.0,31.58,10.1,9.2
https://www.legrand.fr/pro/catalogue/cadre-saillie-profondeur-30mm-mosaic-pour-2-modules-et-support-reference-080251,1,6,-83.33,42,31,35.48,2.38,19.35,7.5,4.0
https://www.legrand.fr/pro/catalogue/cloche-bronze-poli-ip20-ik02-hauteur-117mm-et-o115mm,1,6,-83.33,8,45,-82.22,12.5,13.33,22.9,12.0
https://www.legrand.fr/pro/catalogue/coffret-27-modules-235x500x99mm-blanc-ral9003,1,6,-83.33,7,28,-75.0,14.29,21.43,32.6,16.2
https://www.legrand.fr/pro/catalogue/coffret-metal-vertical-atlantic-metal-ip55-ik10-1200x1000x300mm-ral7035,1,6,-83.33,8,70,-88.57,12.5,8.57,7,6.4
https://www.legrand.fr/pro/catalogue/commande-sans-fils-dooxie-with-netatmo-pour-eclairage-ambiances-couleurs-connecte-blanc-sans-plaque,1,6,-83.33,12,33,-63.64,8.33,18.18,13.2,15.8
https://www.legrand.fr/pro/catalogue/commutateur-a-cames-interrupteur-marchearret-pr21-4p-4-contacts-fixation-par-vis-sur-porte,1,6,-83.33,7,30,-76.67,14.29,20.0,7.7,6.6
https://www.legrand.fr/pro/catalogue/conduits-et-cheminements-de-cables/chemin-de-cables-metallique-legrand-cable-management/chemin-de-cables-fil,1,6,-83.33,282,356,-20.79,0.35,1.69,8.6,7.4
https://www.legrand.fr/pro/catalogue/couvercle-metal-revetement-inox-pour-boite-de-sol-version-standard-16-modules-ou-24-modules,1,6,-83.33,6,27,-77.78,16.67,22.22,37.7,38.3
https://www.legrand.fr/pro/catalogue/detecteur-mural-celiane-avec-neutre-3-fils,1,6,-83.33,6,20,-70.0,16.67,30.0,3.8,9.8
https://www.legrand.fr/pro/catalogue/detecteurs-douverture-intelligents-et-connectes-pour-portes-et-fenetres-netatmo-pour-camera-interieure-intelligente,1,6,-83.33,86,187,-54.01,1.16,3.21,32.2,27.5
https://www.legrand.fr/pro/catalogue/disjoncteur-differentiel-monobloc-dx36000-10ka-arrivee-haute-et-depart-bas-a-vis-2p-230v-a-400v-50a-typeac-30ma,1,6,-83.33,6,24,-75.0,16.67,25.0,8.8,10.6
https://www.legrand.fr/pro/catalogue/fiche-mobile-droite-p17-ip6667-16a-380v-a-415v-3pt,1,6,-83.33,1,24,-95.83,100,25.0,1,1.6
https://www.legrand.fr/pro/catalogue/gaine-spirale-o22mm-pour-passage-de-fils-pour-toutes-les-dimensions-de-goulottes-segma,1,6,-83.33,56,153,-63.4,1.79,3.92,14.3,16.3
https://www.legrand.fr/pro/catalogue/goulotte-1-compartiment-35x105mm-dlp-monobloc-blanc,1,6,-83.33,15,46,-67.39,6.67,13.04,23,25.2
https://www.legrand.fr/pro/catalogue/goulotte-de-distribution-viadis-1-compartiment-60x40mm-et-longueur-2m-livree-avec-couvercle-blanc-artic,1,6,-83.33,11,61,-81.97,9.09,9.84,14.6,6.9
https://www.legrand.fr/pro/catalogue/interface-de-communication-nemo-sx-rs485-pour-systeme-de-supervision-nemo-sx,1,6,-83.33,9,16,-43.75,11.11,37.5,40.1,23.5
https://www.legrand.fr/pro/catalogue/interrupteur-ou-va-et-vient-etanche-plexo-10ax-250v-ip55-ik08-avec-enjoliveur-finition-blanc,1,6,-83.33,5,26,-80.77,20.0,23.08,52,23.5
https://www.legrand.fr/pro/catalogue/interrupteur-variateur-celiane-pour-ventilateur-de-plafond,1,6,-83.33,8,64,-87.5,12.5,9.38,7,10.6
https://www.legrand.fr/pro/catalogue/lecteur-de-badge-tactile-rfid-pour-gestion-de-la-chambre-dhotel-noir,1,6,-83.33,99,196,-49.49,1.01,3.06,29.2,24.9
https://www.legrand.fr/pro/catalogue/parafoudre-pour-protection-tableau-de-distribution-avec-protection-integree-type2-imax-12kapole-3pn-2-modules,1,6,-83.33,60,109,-44.95,1.67,5.5,30.0,27.4
https://www.legrand.fr/pro/catalogue/patere-plexo-66-pour-suspendre-le-boitier-de-controle-du-cordon-de-recharge-greenup-access-pour-vehicule-electrique,1,6,-83.33,7,24,-70.83,14.29,25.0,14,8.5
https://www.legrand.fr/pro/catalogue/rallonge-2pt-16a-ip44-ik08-avec-double-prolongateur-ergonomique-en-caoutchouc-et-cable-10m,1,6,-83.33,26,75,-65.33,3.85,8.0,8.9,12.2
https://www.legrand.fr/pro/catalogue/telerupteur-cx3-standard-avec-bornes-a-vis-1p-16a-250v-contact-1f-tension-commande-12v-1-module,1,6,-83.33,98,122,-19.67,1.02,4.92,26.8,28.5
https://www.legrand.fr/pro/outils/tutoriels/logiciel-xl-pro3-comment-choisir-le-nombre-et-le-type-de-departs-dans-le-module-rangement,1,6,-83.33,63,100,-37.0,1.59,6.0,10.7,7.9
https://www.legrand.fr/pro/questions-frequentes/a-quoi-servent-les-bornes-ou-15v-sur-un-transformateur-electrique-dans-une-installation-tgbt,1,6,-83.33,74,96,-22.92,1.35,6.25,16.9,12.4
https://www.legrand.fr/pro/questions-frequentes/comment-mettre-en-oeuvre-la-repartition-optimisee-sur-les-appareils-de-coupure-et-de-protection-dans-le-tableau-electrique,1,6,-83.33,20,50,-60.0,5.0,12.0,15.3,20.6
https://www.legrand.fr/pro/solutions/le-logement-connecte/decouvrez-la-commande-declairage-sans-fils-ambiances-couleurs,1,6,-83.33,94,108,-12.96,1.06,5.56,16.8,20.4
https://www.legrand.fr/questions-frequentes/quels-sont-les-prerequis-pour-mesurer-et-suivre-la-production-solaire-dune-installation-photovoltaique,1,6,-83.33,88,206,-57.28,1.14,2.91,37.8,41.7
https://www.legrand.fr/catalogue/prise/kit-double-prise-de-courant-2pt-surface-dooxie-16a-precablees-livree-avec-cadre-pour-montage-en-saillie-finition-blanc,3,17,-82.35,609,1051,-42.06,0.49,1.62,10.8,8.9
https://www.legrand.fr/pro/catalogue/couvercle-universel-carre-batibox-100x100mm-pour-boite-o85mm,2,11,-81.82,28,53,-47.17,7.14,20.75,10.4,6.7
https://www.legrand.fr/pro/catalogue/goulotte-3-compartiments-a-clippage-direct-50x180mm-mosaic-de-longueur-2m-blanc,2,11,-81.82,77,248,-68.95,2.6,4.44,10.1,11.4
https://www.legrand.fr/pro/catalogue/onduleur-rack-ou-tour-daker-dk-plus-avec-batterie-6000va-6000w,2,11,-81.82,15,46,-67.39,13.33,23.91,11.7,8.0
https://www.legrand.fr/pro/catalogue/variateur-pour-ballast-0v-a-10v-celiane,2,11,-81.82,37,90,-58.89,5.41,12.22,42.2,44.0
https://www.legrand.fr/pro/catalogue/interrupteur-differentiel-dx3-id-arrivee-haute-et-depart-bas-a-vis-4p-400v-40a-typea-30ma-4-modules,3,16,-81.25,216,400,-46.0,1.39,4.0,21.2,22.2
https://www.legrand.fr/questions-frequentes/pourquoi-le-disjoncteur-saute-pendant-lorage,104,523,-80.11,1138,4799,-76.29,9.14,10.9,6.7,4.3
https://www.legrand.fr/pro/catalogue/console-sans-vis-csn-200-chemins-de-cables-fils-cablofil-et-zf31-fixation-murale-et-plafond-charges-legeres-a-moyennes-gs,3,15,-80.0,11,55,-80.0,27.27,27.27,2.2,3.0
https://www.legrand.fr/pro/catalogue/panneau-de-brassage-linkeo-c-a-equiper-de-24-connecteurs-rj45-keystone-avec-support-de-cable-metal,3,15,-80.0,54,303,-82.18,5.56,4.95,16.2,11.8
https://www.legrand.fr/catalogue/moulure-et-plinthe/moulure-sans-cloison-section-20x125,2,10,-80.0,64,157,-59.24,3.12,6.37,8.9,10.6
https://www.legrand.fr/mon-projet/tutoriels/installer-une-double-prise-usb-murale-legrand,2,10,-80.0,393,655,-40.0,0.51,1.53,11.2,12.6
https://www.legrand.fr/pro/catalogue/commande-filaire-bus-knx-axolute-avec-4-touches-a-4-appuis-a-equiper-dune-plaque-et-dun-support-anthracite,2,10,-80.0,33,101,-67.33,6.06,9.9,1.2,2.3
https://www.legrand.fr/pro/catalogue/couvercle-universel-batibox-pour-boite-batibox-2-postes-155x85mm,2,10,-80.0,23,102,-77.45,8.7,9.8,7.9,4.9
https://www.legrand.fr/pro/catalogue/disjoncteur-magnetothermique-dpx31600-pouvoir-de-coupure-100ka-400v-3p-1000a,2,10,-80.0,16,23,-30.43,12.5,43.48,2.1,2.1
https://www.legrand.fr/pro/catalogue/parafoudre-photovoltaique-type2-2-poles-proteges-3-modules-imax-40-ka-600v,2,10,-80.0,89,123,-27.64,2.25,8.13,24.7,22.0
https://www.legrand.fr/pro/catalogue/pdu-avec-interrupteur-a-voyant-19pouces-1u-lcs3-avec-8-prises-2pt-et-cordon-dalimentation-3m-avec-fiche-2pt-16a,2,10,-80.0,35,58,-39.66,5.71,17.24,9.7,6.4
https://www.legrand.fr/pro/catalogue/prise-de-courant-2pt-surface-mosaic-2-modules-avec-connexion-par-bornes-automatiques-noir-mat,2,10,-80.0,18,99,-81.82,11.11,10.1,24.1,24.0
https://www.legrand.fr/pro/catalogue/produits-industriels/commande-bouton-et-signalisation/avertisseur-sonore,2,10,-80.0,233,462,-49.57,0.86,2.16,13.7,12.5
https://www.legrand.fr/pro/catalogue/prolongateur-caoutchouc-2-prises-de-courant-2pt-16a-ip44-ik08-avec-anneau-de-suspension,2,10,-80.0,27,71,-61.97,7.41,14.08,10.1,8.5
https://www.legrand.fr/pro/catalogue/ronfleur-70db-a-1m-mosaic-2-modules-tension-230v-a-50hz-ou-60hz-et-25ma-de-consommation-blanc,2,10,-80.0,9,76,-88.16,22.22,13.16,14.1,7.9
https://www.legrand.fr/catalogue/boite-dencastrement/boite-a-encastrer-batibox-plaque-de-platre-fiche-pour-applique-o54mm,1,5,-80.0,24,27,-11.11,4.17,18.52,5.2,5.1
https://www.legrand.fr/catalogue/fiche/fiche-de-puissance-male-avec-terre-32a-avec-anneau-2-broches-gris,1,5,-80.0,46,70,-34.29,2.17,7.14,16.8,12.4
https://www.legrand.fr/catalogue/interrupteur/commande-pour-fonction-double-interrupteur-ou-va-et-vient-10a-ou-poussoir-10a-etanche-plexo-complet-pour-montage-en-encastre-anthracite,1,5,-80.0,21,109,-80.73,4.76,4.59,11.0,12.7
https://www.legrand.fr/catalogue/interrupteur/interrupteur-ou-va-et-vient-a-couronne-lumineuse-celiane-titane,1,5,-80.0,65,72,-9.72,1.54,6.94,27.9,27.3
https://www.legrand.fr/catalogue/interrupteur/poussoir-simple-etanche-plexo-10a-a-equiper-dun-boitier-ou-dune-plaque-support-finition-gris,1,5,-80.0,7,22,-68.18,14.29,22.73,38.4,19.3
https://www.legrand.fr/catalogue/interrupteur/variateur-universel-dooxie-2-fils-125w-livre-avec-support-et-enjoliveur-blanc,1,5,-80.0,5,12,-58.33,20.0,41.67,1,4.2
https://www.legrand.fr/catalogue/moulure-et-plinthe/conduit-de-distribution-40x25mm,1,5,-80.0,2,30,-93.33,50.0,16.67,1.5,13.6
https://www.legrand.fr/catalogue/plaque-de-couleur-et-cadre-saillie/boitier-plexo-2-postes-vertical-pour-montage-en-saillie-gris,1,5,-80.0,12,23,-47.83,8.33,21.74,5.6,5.4
https://www.legrand.fr/catalogue/plaque-de-couleur-et-cadre-saillie/plaque-celiane-finition-matiere-nickel-sombre-satine-1-poste,1,5,-80.0,11,26,-57.69,9.09,19.23,4.8,22.7
https://www.legrand.fr/catalogue/portier-visiophone/kit-portier-visiophone-avec-interphone-et-ecran-tactile-10pouces,1,5,-80.0,84,231,-63.64,1.19,2.16,11.1,13.7
https://www.legrand.fr/catalogue/prise/prise-2pt-surface-confort-celiane-et-double-prise-usb-type-a-type-c-precablees-avec-plaque-et-boite-a-encastrer-blanc,1,5,-80.0,71,80,-11.25,1.41,6.25,31.7,22.3
https://www.legrand.fr/catalogue/sonnette-et-carillon/sonnette-serenite-sans-fils-carree-ip54-pour-carillon-blanc,1,5,-80.0,67,156,-57.05,1.49,3.21,41.0,35.6
https://www.legrand.fr/pro/catalogue/adaptateur-pour-ancienne-prise-a-broche-o48mm-vers-o4mm-avec-eclips-de-protection-blanc-et-gris,1,5,-80.0,12,74,-83.78,8.33,6.76,13,7.4
https://www.legrand.fr/pro/catalogue/angle-interieur-ou-exterieur-variable-pour-moulure-dlplus-32x125mm-blanc,1,5,-80.0,6,25,-76.0,16.67,20.0,4.8,6.2
https://www.legrand.fr/pro/catalogue/applique-tete-de-lit-a-leds-eco2-mosaic-declairage-de-lecture-et-dambiance-dynamique-equipee,1,5,-80.0,51,95,-46.32,1.96,5.26,33.4,36.3
https://www.legrand.fr/pro/catalogue/attache-de-suspension-sans-vis-chemins-de-cables-fils-cablofil-et-zf31-fixation-plafond-charges-lourdes-par-suspension-centrale-ez,1,5,-80.0,7,14,-50.0,14.29,35.71,2.6,3.2
https://www.legrand.fr/pro/catalogue/barrette-de-connexion-suprem-960-avec-capacite-assignee-10mm2-gris,1,5,-80.0,9,31,-70.97,11.11,16.13,20.7,9.2
https://www.legrand.fr/pro/catalogue/boitier-etanche-1-poste-plexo-ip66-composable-gris,1,5,-80.0,4,19,-78.95,25.0,26.32,16.2,2.2
https://www.legrand.fr/pro/catalogue/cable-optique-os2-monomode-compatible-os1-a-structure-libre-lcs3-pour-exterieur-6-fibres,1,5,-80.0,37,85,-56.47,2.7,5.88,14.7,14.1
https://www.legrand.fr/pro/catalogue/cartouche-cylindrique-domestique-103x38mm-sans-voyant-32a,1,5,-80.0,3,20,-85.0,33.33,25.0,2.3,25.6
https://www.legrand.fr/pro/catalogue/cartouche-industrielle-neutre-cylindrique-22x58mm,1,5,-80.0,3,18,-83.33,33.33,27.78,2,2.9
https://www.legrand.fr/pro/catalogue/chemin-de-cables-tole-pleine-epaisseur-15mm-p31-hauteur-100mm-largeur-400mm-et-longueur-3m-finition-gc,1,5,-80.0,12,42,-71.43,8.33,11.9,28.8,17.4
https://www.legrand.fr/pro/catalogue/collier-colring-incolore-a-denture-interieure-largeur-24mm-et-longueur-a-plat-180mm,1,5,-80.0,22,58,-62.07,4.55,8.62,6.3,8.9
https://www.legrand.fr/pro/catalogue/commande-double-sans-fils-sans-pile-self-e-dooxie-with-netatmo-pour-eclairage-et-prises-blanc,1,5,-80.0,43,73,-41.1,2.33,6.85,51.4,39.8
https://www.legrand.fr/pro/catalogue/commande-sans-fils-pour-volet-roulant-connecte-mosaic-with-netatmo-blanc-sans-plaque,1,5,-80.0,13,52,-75.0,7.69,9.62,22,30.5
https://www.legrand.fr/pro/catalogue/console-cl-150-chemins-de-cables-fils-cablofil-zf31-et-tole-p31-fixation-murale-de-charges-legeres-a-moyennes-gc,1,5,-80.0,9,19,-52.63,11.11,26.32,8.2,8.7
https://www.legrand.fr/pro/catalogue/contacteur-de-puissance-cx3-bobine-230v-3p-400v-63a-contact-3f-3-modules,1,5,-80.0,138,307,-55.05,0.72,1.63,19.3,18.2
https://www.legrand.fr/pro/catalogue/cordon-adaptateur-pour-borne-de-camping-longueur-03m-livre-avec-etiquette-avec-gencod,1,5,-80.0,9,63,-85.71,11.11,7.94,14.6,5.5
https://www.legrand.fr/pro/catalogue/coupe-circuit-sectionnable-sp58-pour-cartouche-industrielle-22x58mm-1p,1,5,-80.0,9,17,-47.06,11.11,29.41,9.9,9.4
https://www.legrand.fr/pro/catalogue/disjoncteur-differentiel-dx34500-arrivee-haute-et-depart-bas-a-vis-un-230v-10a-typef-30ma-courbe-c-2-modules,1,5,-80.0,3,19,-84.21,33.33,26.32,1.7,5
https://www.legrand.fr/pro/catalogue/disjoncteur-differentiel-monobloc-dx36000-10ka-arrivee-haute-et-depart-bas-a-vis-un-230v-16a-typeac-300ma,1,5,-80.0,7,31,-77.42,14.29,16.13,37.9,23.5
https://www.legrand.fr/pro/catalogue/disjoncteur-dx36000-10ka-arrivee-haute-et-depart-bas-a-vis-2p-230v-a-400v-20a-courbe-d-2-modules,1,5,-80.0,4,38,-89.47,25.0,13.16,3.8,29.6
https://www.legrand.fr/pro/catalogue/disjoncteur-dx36000-10ka-arrivee-haute-et-depart-bas-a-vis-un-230v-2a-courbe-c-1-module,1,5,-80.0,4,15,-73.33,25.0,33.33,33,19.3
https://www.legrand.fr/pro/catalogue/distribution-protection-et-gestion-de-lenergie/tableau-residentiel-et-petit-tertiaire/coffret-petit-moyen-tertiaire,1,5,-80.0,404,404,0.0,0.25,1.24,26.2,22.8
https://www.legrand.fr/pro/catalogue/fiche-caoutchouc-2pt-16a-ip44-standard-germanique-a-sortie-droite-noir,1,5,-80.0,8,40,-80.0,12.5,12.5,8.8,4.2
https://www.legrand.fr/pro/catalogue/filtre-maitre-et-repartiteur-telephonique-3-sorties-et-1-sortie-modem-2-modules,1,5,-80.0,14,33,-57.58,7.14,15.15,12.9,23.9
https://www.legrand.fr/pro/catalogue/inter-horaire-programmable-analogique-72x72mm-a-programme-journalier-connexion-a-vis,1,5,-80.0,9,34,-73.53,11.11,14.71,33,37.8
https://www.legrand.fr/pro/catalogue/inter-poussoir-modulaire-double-fonction-contact-1nf-voyant-led-rouge-110v-a-400v-1-module,1,5,-80.0,57,109,-47.71,1.75,4.59,11.9,9.8
https://www.legrand.fr/pro/catalogue/interrupteur-a-cle-barillet-europeen-mosaic-2-modules-avec-2-positions-par-contact-bipolaire-6a-250v-blanc,1,5,-80.0,12,29,-58.62,8.33,17.24,3.8,6.7
https://www.legrand.fr/pro/catalogue/interrupteur-inverseur-modulaire-double-va-et-vient-a-point-milieu-250v-2-modules,1,5,-80.0,60,65,-7.69,1.67,7.69,16.3,13.2
https://www.legrand.fr/pro/catalogue/moulure-keva-1-compartiment-32x12mm-et-longueur-210m-livree-avec-couvercle-blanc-artic,1,5,-80.0,5,35,-85.71,20.0,14.29,19.8,12.3
https://www.legrand.fr/pro/catalogue/multiprise-extra-plate-equipee-de-5-prises-2pt-16a-3680w-a-cabler-blanc-et-gris-clair,1,5,-80.0,39,79,-50.63,2.56,6.33,8.7,7.7
https://www.legrand.fr/pro/catalogue/panneau-de-brassage-lcs3-10pouces-droit-1u-a-equiper-de-12-connecteurs-rj45-categorie-5e-a-categorie-6a,1,5,-80.0,120,144,-16.67,0.83,3.47,13.0,14.9
https://www.legrand.fr/pro/catalogue/passage-de-plancher-4-compartiments-92x20mm-gris-anthracite-ral7016,1,5,-80.0,11,37,-70.27,9.09,13.51,7.3,4.6
https://www.legrand.fr/pro/catalogue/peigne-pour-10-blocs-de-jonction-a-vis-ou-ressort-viking-3-pas-5mm-bleu,1,5,-80.0,10,36,-72.22,10.0,13.89,31.6,23.3
https://www.legrand.fr/pro/catalogue/poussoir-ou-poussoir-inverseur-avec-porte-etiquette-mosaic-easy-led-6a-250v-2-modules-blanc-antimicrobien,1,5,-80.0,7,20,-65.0,14.29,25.0,46.6,17.3
https://www.legrand.fr/pro/catalogue/presse-etoupe-plastique-ip68-filetage-iso50-gris-ral7001,1,5,-80.0,13,42,-69.05,7.69,11.9,16.2,14.4
https://www.legrand.fr/pro/catalogue/prise-de-courant-2p-tbt-3a-15w-mosaic-1-module-avec-connexion-par-bornes-a-vis-blanc-antimicrobien,1,5,-80.0,3,15,-80.0,33.33,33.33,4.3,13.9
https://www.legrand.fr/pro/catalogue/prise-de-courant-2pt-epure-finition-noir-mat-art-darnould,1,5,-80.0,58,191,-69.63,1.72,2.62,14.3,8.8
https://www.legrand.fr/pro/catalogue/prise-mobile-p17-ip44-16a-200v-a-250v-2pt,1,5,-80.0,14,36,-61.11,7.14,13.89,14.2,8.1
https://www.legrand.fr/pro/catalogue/prise-rj45-categorie-6a-stp-a-blindage-metal-mosaic-1-module-blanc-antimicrobien,1,5,-80.0,6,38,-84.21,16.67,13.16,11.8,36.9
https://www.legrand.fr/pro/catalogue/produits-industriels/coffret-et-prise-industriels/coffret-dequipement,1,5,-80.0,132,171,-22.81,0.76,2.92,32.1,21.0
https://www.legrand.fr/pro/catalogue/protection-type-makrolon-pour-platine-de-rue-monobloc-a-defilement-de-noms-linea-300-reference-308040,1,5,-80.0,5,11,-54.55,20.0,45.45,1.8,3.3
https://www.legrand.fr/pro/catalogue/rallonge-domestique-2pt-avec-eclips-de-protection-longueur-3m-blanc,1,5,-80.0,55,160,-65.62,1.82,3.12,9,12.7
https://www.legrand.fr/pro/catalogue/securite-communication-et-reseau/interphonie-portier/portier-visiophonie-et-interphonie-collectif,1,5,-80.0,193,358,-46.09,0.52,1.4,24.0,22.6
https://www.legrand.fr/pro/catalogue/transformateur-de-courant-ferme-80a-maximum-a-connexion-rapide,1,5,-80.0,6,37,-83.78,16.67,13.51,1.3,5.6
https://www.legrand.fr/pro/catalogue/transformateur-disolement-monophase-primaire-230v-a-400v-et-secondaire-115v-a-230v-16kva,1,5,-80.0,59,38,55.26,1.69,13.16,11.3,5.8
https://www.legrand.fr/pro/catalogue/transformeur-simple-3-en-1-interrupteur-va-et-vient-ou-poussoir-lumineux-appareillage-saillie-composable-blanc-bornes-automatiques,1,5,-80.0,5,23,-78.26,20.0,21.74,5.8,15.5
https://www.legrand.fr/pro/catalogue/voyant-temoin-230v-24ma-pour-prise-de-courant-commandee-et-interrupteur-20ax-mosaic-et-celiane,1,5,-80.0,12,27,-55.56,8.33,18.52,38.6,27.4
https://www.legrand.fr/pro/la-marque/la-rse-chez-legrand,1,5,-80.0,18,40,-55.0,5.56,12.5,29.1,15.4
https://www.legrand.fr/pro/nouveautes-produits/chargeurs-usb-type-c-30-w-power-delivery,1,5,-80.0,66,124,-46.77,1.52,4.03,12.3,11.7
https://www.legrand.fr/questions-frequentes/est-il-possible-deteindre-manuellement-mon-thermostat-connecte-smarther-with-netatmo-eliot,1,5,-80.0,6,35,-82.86,16.67,14.29,6.2,21.8
https://www.legrand.fr/questions-frequentes/le-detecteur-de-fumee-intelligent-netatmo-detecte-t-il-aussi-le-monoxyde-de-carbone-eliot,1,5,-80.0,67,146,-54.11,1.49,3.42,13.7,11.5
https://www.legrand.fr/questions-frequentes/les-produits-connectes-with-netatmo-et-lapp-home-control-sont-ils-compatibles-avec-dautres-produits-connectes-legrand-comme-une-installation-myhome-ou-myhomeplay-existante-eliot,1,5,-80.0,3,20,-85.0,33.33,25.0,2,21.4
https://www.legrand.fr/questions-frequentes/quelles-sont-les-differences-entre-le-portier-connecte-classe-300eos-with-netatmo-et-le-visiophone-easy-kit,1,5,-80.0,13,43,-69.77,7.69,11.63,7.7,21.2
https://www.legrand.fr/catalogue/disjoncteur/disjoncteur-phase-neutre-16a-bornes-automatiques-1-module,5,24,-79.17,984,1459,-32.56,0.51,1.64,10.9,11.2
https://www.legrand.fr/mon-projet/je-minspire/piece-par-piece/bureau-et-espace-multimedia/multipliez-vos-acces-internet-filaires-grace-a-la-rallonge-multiprise-switch-rj-45,14,66,-78.79,94,1660,-94.34,14.89,3.98,2.8,8.9
https://www.legrand.fr/pro/catalogue/boitier-dautomatisme-pour-la-gestion-avancee-de-2-disjoncteurs-avec-6-entrees-et-7-sorties,3,14,-78.57,30,67,-55.22,10.0,20.9,21.8,8.7
https://www.legrand.fr/pro/catalogue/serveur-myhome-scs-4-poles-din-compatible-avec-les-assistants-vocaux-google-et-alexa,3,14,-78.57,15,50,-70.0,20.0,28.0,2.3,2.9
https://www.legrand.fr/pro/catalogue/transformateur-htabt-aaoak-1000kva-2900kg-primaire-20kv-aluminium-1700x1000x1930mm,3,14,-78.57,146,159,-8.18,2.05,8.81,8.1,7.9
https://www.legrand.fr/sites/default/files/nouveau_programme_batibox.pdf,3,14,-78.57,238,388,-38.66,1.26,3.61,10.8,11.3
https://www.legrand.fr/sites/default/files/soliroc_0.pdf,3,14,-78.57,33,96,-65.62,9.09,14.58,15.3,11.3
https://www.legrand.fr/catalogue/contacteur-minuterie-parafoudre/horloge-a-cadran-digital-automatique-pour-2-circuits-2-modules,6,27,-77.78,673,1082,-37.8,0.89,2.5,12.1,10.9
https://www.legrand.fr/pro/catalogue/cassette-de-remplacement-pour-parafoudre-references-003951-et-003953,4,18,-77.78,71,155,-54.19,5.63,11.61,35.6,26.4
https://www.legrand.fr/catalogue/boite-dencastrement/boite-a-encastrer-eco-batibox-profondeur-50mm-pour-plaque-de-platre-1-poste,2,9,-77.78,24,116,-79.31,8.33,7.76,18.6,15.0
https://www.legrand.fr/catalogue/interrupteur/interrupteur-ou-va-et-vient-etanche-10a-celiane-ip44-avec-plaque-blanc,2,9,-77.78,82,107,-23.36,2.44,8.41,5.6,4.4
https://www.legrand.fr/pro/catalogue/bloc-autonome-dalarme-lumineux-manuel-baal-type-ma-pour-alarme-de-type-3,2,9,-77.78,69,101,-31.68,2.9,8.91,18.3,20.4
https://www.legrand.fr/pro/catalogue/boite-de-derivation-carree-plexo-dimensions-80x80x45mm-gris-ral7035,2,9,-77.78,45,57,-21.05,4.44,15.79,4.3,10.5
https://www.legrand.fr/pro/catalogue/coffret-de-proximite-100a-ik07-4p-avec-interrupteur-sectionneur-vistop-et-bornier-de-terre-viking-3,2,9,-77.78,115,173,-33.53,1.74,5.2,20.8,18.7
https://www.legrand.fr/pro/catalogue/coffret-polyester-marina-ip66-ik10-610x400x257mm-ral7035,2,9,-77.78,45,74,-39.19,4.44,12.16,11.0,8.0
https://www.legrand.fr/pro/catalogue/compteur-denergie-type-conto-d6-mid-6-modules-triphase-4-fils-direct-125a-sortie-communication-rs485,2,9,-77.78,19,35,-45.71,10.53,25.71,20.8,7.6
https://www.legrand.fr/pro/catalogue/connecteur-de-liaison-equipotentielle-pour-canalisation-o18mm-mini-et-o22mm-maxi,2,9,-77.78,19,35,-45.71,10.53,25.71,10.5,6.7
https://www.legrand.fr/pro/catalogue/goulotte-2-compartiments-a-clippage-direct-50x145mm-mosaic-blanc,2,9,-77.78,169,276,-38.77,1.18,3.26,11.2,14
https://www.legrand.fr/pro/catalogue/goulotte-dinstallation-logix-45-190x50mm-3-compartiments-fond-livre-seul-longueur-2m-pvc-blanc-artic,2,9,-77.78,9,27,-66.67,22.22,33.33,7,4.7
https://www.legrand.fr/pro/catalogue/jeu-de-4-pattes-de-fixation-murale-metal-pour-coffret-et-armoire-xl3800-et-xl3400-et-xl3160-ip43,2,9,-77.78,17,38,-55.26,11.76,23.68,6.2,3.6
https://www.legrand.fr/pro/catalogue/prise-rj45-categorie-6-stp-blindee-mosaic-2-modules-blanc,2,9,-77.78,113,234,-51.71,1.77,3.85,21.8,22.9
https://www.legrand.fr/pro/catalogue/prisinter-fixe-hypra-ip4455-63a-200v-a-250v-2pt-plastique,2,9,-77.78,2,17,-88.24,100,52.94,1,7.5
https://www.legrand.fr/pro/catalogue/rallonge-multiprise-avec-bloc-rotatif-de-3-prises-2pt-surface-interrupteur-et-cordon-longueur-3m-blanc-et-gris-fonce,2,9,-77.78,276,437,-36.84,0.72,2.06,14.3,15.8
https://www.legrand.fr/pro/catalogue/sirene-filaire-interieure-pour-alarme-intrusion-myhome-up-avec-detecteur-de-temperature,2,9,-77.78,50,84,-40.48,4.0,10.71,32,28.2
https://www.legrand.fr/pro/catalogue/support-isolant-pour-altis-xl3400-et-xl3800-1-barre-cuivre-18x4mm-25x4mm-25x5mm-et-32x5mm-par-pole-jusqua-400a,2,9,-77.78,7,19,-63.16,28.57,47.37,6,2.2
https://www.legrand.fr/pro/catalogue/support-mosaic-6-modules-pour-goulotte-dlp-monobloc-avec-couvercle-65mm,2,9,-77.78,11,57,-80.7,18.18,15.79,42.9,10.2
https://www.legrand.fr/pro/catalogue/telecommande-baes-modulaire-multifonctions-sati-connectee-non-polarisee-radio-pour-bloc-declairage-et-alarme-incendie,2,9,-77.78,108,241,-55.19,1.85,3.73,26.2,19.9
https://www.legrand.fr/catalogue/boite-dencastrement/boite-a-encastrer-ronde-batibox-maconnerie-profondeur-30mm-a-40mm,5,22,-77.27,425,597,-28.81,1.18,3.69,13.4,11.1
https://www.legrand.fr/pro/catalogue/art-darnould-univers-memoire-va-et-vient-ou-interrupteur-a-levier-10a-or-brosse,5,22,-77.27,333,462,-27.92,1.5,4.76,6.4,5.9
https://www.legrand.fr/catalogue/plaque-de-couleur-et-cadre-saillie/plaque-celiane-finition-blanc-emaille-1-poste,3,13,-76.92,84,364,-76.92,3.57,3.57,39.5,33.9
https://www.legrand.fr/catalogue/prise/prise-de-courant-avec-terre-appareillage-saillie-bornes-auto-emballage-brochable-blanc,3,13,-76.92,2679,5031,-46.75,0.11,0.26,6.0,6.5
https://www.legrand.fr/maison-connectee/je-decouvre/je-pilote-mon-chauffage,3,13,-76.92,504,743,-32.17,0.6,1.75,29.9,29.1
https://www.legrand.fr/pro/catalogue/produits-industriels/raccordement-industriel/presse-etoupe,6,25,-76.0,839,858,-2.21,0.72,2.91,11.7,13.1
https://www.legrand.fr/catalogue/tableau-electrique/porte-pour-coffret-drivia-3-rangees-13-modules-blanche,4,16,-75.0,252,269,-6.32,1.59,5.95,14.1,13.2
https://www.legrand.fr/pro/catalogue/coffret-multimedia-basique-avec-brassage-equipe-et-precable-4-prises-rj45,4,16,-75.0,265,484,-45.25,1.51,3.31,14.5,10.5
https://www.legrand.fr/pro/catalogue/disjoncteur-dx36000-10ka-arrivee-haute-et-depart-bas-a-vis-2p-230v-a-400v-40a-courbe-c-2-modules,4,16,-75.0,142,137,3.65,2.82,11.68,12.1,11.9
https://www.legrand.fr/catalogue/plaque-de-couleur-et-cadre-saillie/plaque-carree-dooxie-1-poste-finition-effet-inox-brosse-avec-bague-effet-chrome,3,12,-75.0,68,166,-59.04,4.41,7.23,42.2,31.5
https://www.legrand.fr/pro/catalogue/plaque-ronde-dooxie-1-poste-finition-blanc,3,12,-75.0,152,266,-42.86,1.97,4.51,32.9,26.5
https://www.legrand.fr/pro/catalogue/poussoir-simple-avec-voyant-lumineux-et-marquage-sonnette-dooxie-6a-250v-finition-blanc,3,12,-75.0,114,111,2.7,2.63,10.81,16.9,12.5
https://www.legrand.fr/catalogue/contacteur-minuterie-parafoudre/horloge-a-cadran-digital-automatique-pour-1-circuit-2-modules,2,8,-75.0,155,299,-48.16,1.29,2.68,8.7,8.1
https://www.legrand.fr/catalogue/plaque-de-couleur-et-cadre-saillie/plaque-celiane-poudre-vieux-rose-1-poste,2,8,-75.0,133,283,-53.0,1.5,2.83,45.5,48.6
https://www.legrand.fr/catalogue/portier-visiophone/ecran-interieur-supplementaire-visiophone-easy-kit-7pouces-noir-effet-miroir,2,8,-75.0,23,70,-67.14,8.7,11.43,19.5,23.7
https://www.legrand.fr/catalogue/prise/kit-2-prises-de-courant-surface-confort-precablees-livrees-completes-cadre-saillie-2-postes-noir,2,8,-75.0,34,130,-73.85,5.88,6.15,9,10.6
https://www.legrand.fr/pro/catalogue/accessoires-dinstallation/boite-et-borne-de-connexion,2,8,-75.0,388,398,-2.51,0.52,2.01,25.2,23.6
https://www.legrand.fr/pro/catalogue/adaptateur-2pt-16a-230v-pour-fiche-standard-germanique-sur-prise-standard-francais,2,8,-75.0,28,41,-31.71,7.14,19.51,7.6,10.1
https://www.legrand.fr/pro/catalogue/appareillage-maison-connectee-et-pilotage-du-batiment/maison-connectee/securite-du-logement,2,8,-75.0,39,165,-76.36,5.13,4.85,33.1,34.1
https://www.legrand.fr/pro/catalogue/boite-de-sol-ip44-pour-carrelage-ou-marbre-8mm-a-24mm-depaisseur-avec-sortie-de-cable-centrale,2,8,-75.0,31,58,-46.55,6.45,13.79,15.7,11.0
https://www.legrand.fr/pro/catalogue/boite-etanche-monoposte-eco-batibox-diametre-67mm-ou-2-modules-profondeur-50mm,2,8,-75.0,33,86,-61.63,6.06,9.3,10.2,12.4
https://www.legrand.fr/pro/catalogue/collier-colson-noir-protege-ultraviolets-a-denture-exterieure-largeur-9mm-et-longueur-750mm,2,8,-75.0,21,51,-58.82,9.52,15.69,13.2,10.6
https://www.legrand.fr/pro/catalogue/contacteur-de-puissance-cx3-bobine-230v-sans-commande-manuelle-4p-400v-63a-contact-4f-3-modules,2,8,-75.0,10,46,-78.26,20.0,17.39,17.5,17.4
https://www.legrand.fr/pro/catalogue/disjoncteur-phaseneutre-dnx34500-6ka-arrivee-et-sortie-borne-a-vis-1pn-230v-6a-courbe-c-1-module,2,8,-75.0,43,81,-46.91,4.65,9.88,12.5,14.7
https://www.legrand.fr/pro/catalogue/manchon-reducteur-pour-conduits-o25mm-pour-reduction-de-25-a-20mm-gris-ral7035,2,8,-75.0,66,124,-46.77,3.03,6.45,16.3,19.5
https://www.legrand.fr/pro/catalogue/onduleur-rack-ou-tour-daker-dk-plus-a-equiper-de-batterie-10000va-10000w,2,8,-75.0,6,20,-70.0,33.33,40.0,13.8,7.0
https://www.legrand.fr/pro/catalogue/point-dacces-wi-fi-poe-nac-a-encastrer-alimentation-par-un-switch-gigabit-poe-blanc,2,8,-75.0,58,111,-47.75,3.45,7.21,17.6,10.1
https://www.legrand.fr/pro/catalogue/prise-protegee-2pt-2-prises-rj45-avec-parafoudre,2,8,-75.0,131,199,-34.17,1.53,4.02,26.8,11.2
https://www.legrand.fr/pro/catalogue/rallonge-multiprise-avec-bloc-rotatif-de-6-prises-2pt-surface-interrupteur-et-cordon-longueur-15m-blanc-et-gris-fonce,2,8,-75.0,57,187,-69.52,3.51,4.28,27.7,23.4
https://www.legrand.fr/pro/catalogue/support-mosaic-4-modules-pour-goulotte-dlp-monobloc-avec-couvercle-65mm,2,8,-75.0,7,27,-74.07,28.57,29.63,4.9,7.4
https://www.legrand.fr/pro/catalogue/ventilateur-avec-ouie-plastique-debit-40m3h-avec-filtre-et-160m3h-soufflage-libre-ip54-ik08-ral7035,2,8,-75.0,25,47,-46.81,8.0,17.02,11.7,8.4
https://www.legrand.fr/pro/catalogue/visiere-anti-pluie-pour-platine-de-rue-linea-3000-finition-grise,2,8,-75.0,14,66,-78.79,14.29,12.12,8.9,6.4
https://www.legrand.fr/pro/nos-showrooms/innoval-Bagnolet?utm_source=google-business-profile&utm_medium=organic&utm_campaign=cta-lien-page-innoval-bagnolet,2,8,-75.0,1460,1933,-24.47,0.14,0.41,4.7,5.1
https://www.legrand.fr/questions-frequentes/comment-renover-danciennes-installations-electriques,2,8,-75.0,111,220,-49.55,1.8,3.64,10.7,17.0
https://www.legrand.fr/catalogue/boite-dencastrement/boite-dencastrement-eco-batibox-profondeur-40mm-pour-plaque-de-platre,1,4,-75.0,93,226,-58.85,1.08,1.77,5.1,5.6
https://www.legrand.fr/catalogue/contacteur-minuterie-parafoudre/interrupteur-pac-bipolaire-puissance-maxi-4600w,1,4,-75.0,9,34,-73.53,11.11,11.76,1.6,23.9
https://www.legrand.fr/catalogue/fusible/porte-fusibles-1pn-20a-1-module-pour-cartouches-85x315mm,1,4,-75.0,93,140,-33.57,1.08,2.86,21.0,18.7
https://www.legrand.fr/catalogue/interrupteur/detecteur-mural-sans-neutre-100w-led-celiane-compatible-toutes-lampes-noir-avec-support-a-equiper-dune-plaque,1,4,-75.0,8,15,-46.67,12.5,26.67,4.6,11.3
https://www.legrand.fr/catalogue/interrupteur/interrupteur-ou-va-et-vient-dooxie-10ax-250v-livre-avec-plaque-carree-alu,1,4,-75.0,62,140,-55.71,1.61,2.86,8.8,14.4
https://www.legrand.fr/catalogue/interrupteur/interrupteur-ou-va-et-vient-temoin-etanche-plexo-10a-livre-complet-avec-voyant-pour-montage-en-apparent-anthracite,1,4,-75.0,3,14,-78.57,33.33,28.57,1.3,12.3
https://www.legrand.fr/catalogue/interrupteur/poussoir-avec-porte-etiquette-appareillage-saillie-blanc,1,4,-75.0,31,66,-53.03,3.23,6.06,22.5,20.2
https://www.legrand.fr/catalogue/plaque-de-couleur-et-cadre-saillie/plaque-celiane-finition-vert-celadon-1-poste,1,4,-75.0,94,248,-62.1,1.06,1.61,4.4,7.4
https://www.legrand.fr/catalogue/portier-visiophone/kit-portier-visiophone-avec-interphone-et-ecran-tactile-7pouces,1,4,-75.0,52,123,-57.72,1.92,3.25,25.7,33.2
https://www.legrand.fr/catalogue/prise/double-prise-de-courant-2pt-surface-dooxie-16a-precablees-finition-noir-emballage-blister,1,4,-75.0,157,255,-38.43,0.64,1.57,25.8,16.9
https://www.legrand.fr/catalogue/prise/prise-de-courant-avec-terre-etanche-avec-volet-plexo-16a-250v-livree-complete-pour-montage-en-apparent-sable,1,4,-75.0,28,102,-72.55,3.57,3.92,9.7,7.4
https://www.legrand.fr/catalogue/prise/prise-de-courant-mobile-connectee-a-enficher-16a-3680w-avec-mesure-puissance-et-suivi-consommation-graphite,1,4,-75.0,19,67,-71.64,5.26,5.97,26.2,13.4
https://www.legrand.fr/catalogue/prise/prise-haut-parleur-mosaic-2-modules-blanc,1,4,-75.0,102,165,-38.18,0.98,2.42,31.9,46.7
https://www.legrand.fr/catalogue/tableau-electrique-connecte/delesteur-connecte-drivia-with-netatmo-livre-avec-1-transformateur-de-courant-1-module,1,4,-75.0,16,21,-23.81,6.25,19.05,11.9,9.1
https://www.legrand.fr/catalogue/tableau-electrique/coffret-cache-borne-a-equiper-4-modules-160x9-x74mm,1,4,-75.0,17,39,-56.41,5.88,10.26,27.6,6.7
https://www.legrand.fr/pro/actualites/un-collier-non-un-colson-tm,1,4,-75.0,58,67,-13.43,1.72,5.97,19.5,19.4
https://www.legrand.fr/pro/catalogue/accessoire-normaclip-pour-goulotte-logix-45-livre-par-2-pvc-blanc-artic,1,4,-75.0,2,10,-80.0,50.0,40.0,27,2
https://www.legrand.fr/pro/catalogue/ampoule-culot-e10-12v-025a-3w-pour-bloc-autonome-declairage-de-securite,1,4,-75.0,95,171,-44.44,1.05,2.34,15.0,14.6
https://www.legrand.fr/pro/catalogue/baes-a-phares-a-leds-etanche-ip65-avec-support-metallique-2500-lumens-fonction-sati-connectable-ou-adressable-noir-mat,1,4,-75.0,40,65,-38.46,2.5,6.15,37.1,29.2
https://www.legrand.fr/pro/catalogue/bloc-de-puissance-compact-viking-3-pour-cables-aluminium-et-cuivre-capacite-240mm2-gris,1,4,-75.0,5,11,-54.55,20.0,36.36,5.8,7.2
https://www.legrand.fr/pro/catalogue/bloc-multiprise-fixable-avec-interrupteur-bipolaire-a-voyant-et-6-prises-de-courant-2pt-longueur-399mm,1,4,-75.0,139,190,-26.84,0.72,2.11,15.0,12.8
https://www.legrand.fr/pro/catalogue/boite-de-sol-avec-couvercle-sur-charniere-permet-lacces-et-connexion-aux-prises-electriques-audio-video-et-vdi,1,4,-75.0,16,31,-48.39,6.25,12.9,21,15.9
https://www.legrand.fr/pro/catalogue/boitier-industriel-plastique-ip55-ik07-310x240x124mm-avec-couvercle-transparent-ral7035,1,4,-75.0,16,81,-80.25,6.25,4.94,11.7,15.4
https://www.legrand.fr/pro/catalogue/borne-ecrou-6-pans-sans-patte-avec-capacite-par-borne-2x50mm2,1,4,-75.0,6,43,-86.05,16.67,9.3,5.3,13.1
https://www.legrand.fr/pro/catalogue/bouton-tournant-non-lumineux-a-manette-ip69-osmoz-complet-3-positions-fixes,1,4,-75.0,3,11,-72.73,33.33,36.36,1,1.3
https://www.legrand.fr/pro/catalogue/carillon-electromecanique-a-piles-8v-a-12v-emballage-brochable-blanc,1,4,-75.0,7,19,-63.16,14.29,21.05,20.1,16.9
https://www.legrand.fr/pro/catalogue/carte-de-signalisation-equipee-de-2-voyants-led-blanc-et-rouge,1,4,-75.0,3,11,-72.73,33.33,36.36,1.7,10.8
https://www.legrand.fr/pro/catalogue/cartouche-industrielle-cylindrique-typeam-10x38mm-sans-voyant-4a,1,4,-75.0,6,13,-53.85,16.67,30.77,2.3,2.7
https://www.legrand.fr/pro/catalogue/cassette-lcs3-fibre-optique-pre-equipee-1-bloc-lc-duplex-pour-12-fibres-monomode-9125-mm,1,4,-75.0,14,39,-64.1,7.14,10.26,7.3,6.9
https://www.legrand.fr/pro/catalogue/chemin-de-cables-fils-cablofil-avec-bord-droit-cfc-hauteur-50mm-largeur-50mm-longueur-3m-finition-inox-316l,1,4,-75.0,5,10,-50.0,20.0,40.0,50.6,3
https://www.legrand.fr/pro/catalogue/cheville-pour-fixation-immediate-pour-moulure-dlplus,1,4,-75.0,4,28,-85.71,25.0,14.29,11.5,9.5
https://www.legrand.fr/pro/catalogue/coffret-fixe-19pouces-livre-a-plat-linkeo-capacite-9u-492x600x450mm,1,4,-75.0,7,41,-82.93,14.29,9.76,17.4,11.8
https://www.legrand.fr/pro/catalogue/coffret-fixe-19pouces-livre-monte-linkeo-capacite-9u-492x600x600mm,1,4,-75.0,3,19,-84.21,33.33,21.05,2.3,6.7
https://www.legrand.fr/pro/catalogue/coffret-metal-carre-atlantic-metal-ip66-ik10-600x600x400mm-ral7035,1,4,-75.0,4,15,-73.33,25.0,26.67,3.5,4.3
https://www.legrand.fr/pro/catalogue/commande-bus-multifonctions-celiane-myhome-pour-eclairage-volets-et-scenarios-2-modules,1,4,-75.0,6,17,-64.71,16.67,23.53,10.5,15.6
https://www.legrand.fr/pro/catalogue/commande-de-vmc-appareillage-saillie-complet-blanc,1,4,-75.0,3,14,-78.57,33.33,28.57,5,6.7
https://www.legrand.fr/pro/catalogue/commande-double-etanche-pour-realiser-3-fonctions-plexo-ip55-ik08-avec-enjoliveur-finition-anthracite,1,4,-75.0,3,15,-80.0,33.33,26.67,61.7,24.9
https://www.legrand.fr/pro/catalogue/commande-sans-fils-2-scenarios-departarrivee-pour-installation-connectee-dooxie-with-netatmo-blanc-sans-plaque,1,4,-75.0,4,6,-33.33,25.0,66.67,1.5,1.7
https://www.legrand.fr/pro/catalogue/commande-sans-fils-sans-pile-self-e-celiane-with-netatmo-pour-eclairage-et-prises-enjoliveur-graphite,1,4,-75.0,19,75,-74.67,5.26,5.33,58.3,48.3
https://www.legrand.fr/pro/catalogue/commutateur-a-cames-3-directions-avec-position-arret-manette-pr12-1p-fixation-centrale-o22-sur-porte,1,4,-75.0,186,301,-38.21,0.54,1.33,11.2,7.0
https://www.legrand.fr/pro/catalogue/compteur-modulaire-triphase-emdx3-non-mid-raccordement-ti-5a-4-modules-avec-sortie-a-impulsions,1,4,-75.0,5,15,-66.67,20.0,26.67,16.2,23
https://www.legrand.fr/pro/catalogue/conduit-ica-3321-turbogliss-r-o20mm-pour-cloisons-verticales-et-faux-plafond-ral7035,1,4,-75.0,4,27,-85.19,25.0,14.81,3.5,4.5
https://www.legrand.fr/pro/catalogue/conduit-icta-turbogliss-r-o25mm-pour-courant-faible-avec-tire-fils-ral6029,1,4,-75.0,9,31,-70.97,11.11,12.9,3.4,7.8
https://www.legrand.fr/pro/catalogue/conduit-irl-3321-o32mm-gris-ral7035,1,4,-75.0,18,50,-64.0,5.56,8.0,7,8.5
https://www.legrand.fr/pro/catalogue/conduits-et-cheminements-de-cables/goulotte-moulure-et-plinthe-legrand/moulure-et-plinthe,1,4,-75.0,55,68,-19.12,1.82,5.88,31.6,20.8
https://www.legrand.fr/pro/catalogue/corniere-perforee-cor-section-24x24mm-perforation-7x25mm-et-longueur-3m-finition-gs,1,4,-75.0,122,141,-13.48,0.82,2.84,14.2,11.5
https://www.legrand.fr/pro/catalogue/coup-de-poing-o40-ndeg455-a-cle-arret-durgence-ip69-osmoz-composable-rouge,1,4,-75.0,23,50,-54.0,4.35,8.0,8.9,8.4
https://www.legrand.fr/pro/catalogue/couvercle-obturateur-ip44-batibox-o75mm-pour-applique,1,4,-75.0,11,44,-75.0,9.09,9.09,10.8,5.4
https://www.legrand.fr/pro/catalogue/couvercle-p31-co-pour-cdc-fils-zf31-hauteur-25-50-et-100mm-et-cdc-tole-p31-largeur-200mm-et-longueur-3m-finition-gc,1,4,-75.0,4,10,-60.0,25.0,40.0,13.8,2
https://www.legrand.fr/pro/catalogue/couvercle-plastique-pour-boite-de-sol-version-standard-12-modules-ou-18-modules,1,4,-75.0,8,7,14.29,12.5,57.14,1.1,1
https://www.legrand.fr/pro/catalogue/declencheur-manuel-dm-pour-equipement-dalarme-incendie-de-type-4-radio,1,4,-75.0,73,114,-35.96,1.37,3.51,29.5,32.7
https://www.legrand.fr/pro/catalogue/detecteur-de-mouvement-ip20-pour-kits-carillons-radio-confort-et-serenite,1,4,-75.0,10,29,-65.52,10.0,13.79,34.2,36.4
https://www.legrand.fr/pro/catalogue/detecteur-de-passage-barriere-optique-24v-a-230v-ip67-ik08,1,4,-75.0,32,61,-47.54,3.12,6.56,32.6,34.5
https://www.legrand.fr/pro/catalogue/detecteur-mural-3-fils-500w-2000w-finition-blanc,1,4,-75.0,14,55,-74.55,7.14,7.27,25.4,42.8
https://www.legrand.fr/pro/catalogue/disjoncteur-dx36000-10ka-arrivee-haute-et-depart-bas-a-vis-3p-400v-16a-courbe-c-pour-peigne-hx3-traditionnel,1,4,-75.0,3,12,-75.0,33.33,33.33,1.3,1.1
https://www.legrand.fr/pro/catalogue/disjoncteur-magnetothermique-dpx3630-pouvoir-de-coupure-36ka-400v-4p-630a,1,4,-75.0,2,17,-88.24,50.0,23.53,2,4.2
https://www.legrand.fr/pro/catalogue/disjoncteur-magnetothermique-unineutre-230v-10a-mosaic-2-modules-blanc,1,4,-75.0,1,15,-93.33,100,26.67,1,12.3
https://www.legrand.fr/pro/catalogue/dispositif-sonore-et-visuel-dalarme-feu-dsafdvaf-ip21-fixation-saillie,1,4,-75.0,30,65,-53.85,3.33,6.15,12.9,38.0
https://www.legrand.fr/pro/catalogue/double-chargeur-usb-type-c-dooxie-3a-15w-finition-noir-mat,1,4,-75.0,49,63,-22.22,2.04,6.35,10.8,8.5
https://www.legrand.fr/pro/catalogue/driver-manager-modulaire-myhome-up-6-modules,1,4,-75.0,6,13,-53.85,16.67,30.77,3.3,3.4
https://www.legrand.fr/pro/catalogue/element-de-surveillance-de-ligne-pour-dispositif-de-commande-avec-signalisation,1,4,-75.0,4,22,-81.82,25.0,18.18,3.8,3.8
https://www.legrand.fr/pro/catalogue/embout-etanche-a-entree-directe-plexo-jusqua-o32mm-gris-ral7035,1,4,-75.0,2,11,-81.82,50.0,36.36,6,3.1
https://www.legrand.fr/pro/catalogue/enjoliveur-celiane-pour-commande-pour-volets-roulants-ou-stores-finition-titane,1,4,-75.0,8,39,-79.49,12.5,10.26,5.2,13.9
https://www.legrand.fr/pro/catalogue/enjoliveur-celiane-pour-quadruple-prise-de-courant-2pt-surface-precablee-compacte-blanc,1,4,-75.0,4,17,-76.47,25.0,23.53,1,4.9
https://www.legrand.fr/pro/catalogue/enjoliveur-de-remplacement-celiane-with-netatmo-pour-interrupteur-filaire-connecte-ou-commande-sans-fils-blanc,1,4,-75.0,4,9,-55.56,25.0,44.44,3.5,2.3
https://www.legrand.fr/pro/catalogue/enveloppe-ip31-ik07-pour-transformateurs-secs-type-h2,1,4,-75.0,3,21,-85.71,33.33,19.05,5.3,4.4
https://www.legrand.fr/pro/catalogue/fiche-biplite-avec-2-prises-2pt-frontales-16a-3680w-noir-et-gris-fonce,1,4,-75.0,16,34,-52.94,6.25,11.76,1.9,2.9
https://www.legrand.fr/pro/catalogue/fiche-mobile-coudee-hypra-ip44-63a-380v-a-415v-3pnt-caoutchouc,1,4,-75.0,1,8,-87.5,100,50.0,1,1.9
https://www.legrand.fr/pro/catalogue/goulotte-1-compartiment-50x150mm-dlp-monobloc-blanc,1,4,-75.0,26,74,-64.86,3.85,5.41,31.8,20.9
https://www.legrand.fr/pro/catalogue/goulotte-de-distribution-viadis-1-compartiment-32x16mm-et-longueur-2m-livree-avec-couvercle-blanc-artic,1,4,-75.0,7,11,-36.36,14.29,36.36,9.6,2.4
https://www.legrand.fr/pro/catalogue/goulotte-de-distribution-viadis-1-compartiment-80x25mm-et-longueur-2m-livree-avec-couvercle-blanc-artic,1,4,-75.0,2,21,-90.48,50.0,19.05,8,3.2
https://www.legrand.fr/pro/catalogue/hublot-blanc-standard-a-diffuseur-en-polycarbonate-transparent-super-400-avec-fonction-on-et-off-et-douille-e27-a-equiper,1,4,-75.0,39,31,25.81,2.56,12.9,6.4,10.4
https://www.legrand.fr/pro/catalogue/hublot-de-couloir-double-affichage-mosaic-pour-laffichage-des-appels-et-de-la-presence-infirmiere-complet-blanc,1,4,-75.0,6,14,-57.14,16.67,28.57,1.8,2.7
https://www.legrand.fr/pro/catalogue/incara-tower-60-o60mm-a-encastrer-dans-mobilier-avec-3-prises-2pt-et-1-chargeur-usb-type-a-type-c-avec-cordon,1,4,-75.0,2,17,-88.24,50.0,23.53,1,7.1
https://www.legrand.fr/pro/catalogue/interrupteur-double-pour-volets-roulants-appareillage-saillie-composable-avec-bornes-automatiques-blanc,1,4,-75.0,7,27,-74.07,14.29,14.81,14,12.4
https://www.legrand.fr/pro/catalogue/interrupteur-filaire-connecte-living-now-with-netatmo-pour-volet-roulant-2-modules,1,4,-75.0,2,9,-77.78,50.0,44.44,3.5,1.1
https://www.legrand.fr/pro/catalogue/interrupteur-filaire-connecte-option-variation-avec-neutre-etanche-plexo-with-netatmo-150w-led-gris,1,4,-75.0,17,72,-76.39,5.88,5.56,55.8,41.2
https://www.legrand.fr/pro/catalogue/interrupteur-filaire-connecte-pour-volet-roulant-et-store-dooxie-with-netatmo-noir-sans-plaque,1,4,-75.0,15,23,-34.78,6.67,17.39,28.8,24.4
https://www.legrand.fr/pro/catalogue/interrupteur-sectionneur-dpx-is1600-a-declenchement-avec-commande-frontale-4p-1600a,1,4,-75.0,3,10,-70.0,33.33,40.0,4.7,2.8
https://www.legrand.fr/pro/catalogue/interrupteur-sectionneur-vistop-125a-4p-avec-commande-frontale-et-poignee-noire,1,4,-75.0,6,24,-75.0,16.67,16.67,26.5,10.6
https://www.legrand.fr/pro/catalogue/interrupteur-temporise-lumineux-sans-neutre-etanche-plexo-230v-50hz-a-60hz-ip55-ik05-avec-enjoliveur-finition-anthracite,1,4,-75.0,12,49,-75.51,8.33,8.16,39.2,36.7
https://www.legrand.fr/pro/catalogue/kit-boite-de-sol-complet-supports-horizontaux-24-modules-tous-types-de-sol,1,4,-75.0,3,22,-86.36,33.33,18.18,4.7,16.3
https://www.legrand.fr/pro/catalogue/kit-carillon-radio-sans-fils-confort-a-piles-anthracite,1,4,-75.0,62,106,-41.51,1.61,3.77,46.8,40.4
https://www.legrand.fr/pro/catalogue/kit-de-10-vis-longues-et-30-bouchons-a-positionner-sous-la-platine-pour-prise-de-sol,1,4,-75.0,15,63,-76.19,6.67,6.35,28.7,26.9
https://www.legrand.fr/pro/catalogue/liseuse-led-declairage-230v-avec-flexible-celiane-blanc,1,4,-75.0,13,63,-79.37,7.69,6.35,17.8,12.0
https://www.legrand.fr/pro/catalogue/lot-de-2-supports-universels-pour-goulotte-gtl-drivia-18,1,4,-75.0,18,45,-60.0,5.56,8.89,12,38.2
https://www.legrand.fr/pro/catalogue/obturateur-celiane-titane,1,4,-75.0,13,40,-67.5,7.69,10.0,23.8,18.9
https://www.legrand.fr/pro/catalogue/onduleur-tour-keor-sp-line-interactive-2-prises-2pt-et-2-prises-iec-1500va-900w-autonomie-5-a-30-minutes-port-usb,1,4,-75.0,15,40,-62.5,6.67,10.0,2.1,11
https://www.legrand.fr/pro/catalogue/pack-de-demarrage-celiane-with-netatmo-pour-installation-connectee-1-prise-et-1-commande-sans-fils-titane-sans-plaque,1,4,-75.0,39,99,-60.61,2.56,4.04,14.5,8.9
https://www.legrand.fr/pro/catalogue/parafoudre-pour-protection-tableau-de-distribution-avec-protection-integree-type2-imax-12kapole-1pn-2-modules,1,4,-75.0,30,62,-51.61,3.33,6.45,43.8,32.2
https://www.legrand.fr/pro/catalogue/passe-fil-pvc-noir-pour-fil-o-maximum-35mm-o-percage-6mm,1,4,-75.0,4,11,-63.64,25.0,36.36,22,5.6
https://www.legrand.fr/pro/catalogue/plaque-carree-dooxie-1-poste-finition-effet-aluminium,1,4,-75.0,47,97,-51.55,2.13,4.12,36.2,43.0
https://www.legrand.fr/pro/catalogue/plaque-de-finition-horizontale-mosaic-pour-3x2-modules-noir-mat,1,4,-75.0,13,44,-70.45,7.69,9.09,15.2,21.4
https://www.legrand.fr/pro/catalogue/plaque-reperes-a-lecture-verticale-pour-bloc-de-jonction-viking-3-pas-5mm-avec-chiffres-21-a-30,1,4,-75.0,12,12,0.0,8.33,33.33,14.1,3.6
https://www.legrand.fr/pro/catalogue/porte-galbee-metal-pour-coffret-et-armoire-xl3400-et-xl3160-hauteur-900mm,1,4,-75.0,3,13,-76.92,33.33,30.77,2,4.3
https://www.legrand.fr/pro/catalogue/poste-interieur-connecte-blanc-classe-300eos-with-netatmo-ecran-5pouces-vertical-assistant-vocal-alexa-integre-et-boucle-inductive,1,4,-75.0,11,25,-56.0,9.09,16.0,4.1,10.6
https://www.legrand.fr/pro/catalogue/poussoir-a-cle-3-positions-6a-250v-soliroc-ik10-ip54,1,4,-75.0,4,7,-42.86,25.0,57.14,12.2,2.1
https://www.legrand.fr/pro/catalogue/poussoir-etanche-nonf-a-voyant-plexo-ip66-complet-6a-250v-gris,1,4,-75.0,5,25,-80.0,20.0,16.0,10.8,8.2
https://www.legrand.fr/pro/catalogue/poussoir-no-nf-lumineux-avec-voyant-etanche-plexo-10a-ip55-ik08-avec-enjoliveur-finition-sable,1,4,-75.0,19,13,46.15,5.26,30.77,18.4,7.3
https://www.legrand.fr/pro/catalogue/presse-etoupe-metal-ip68-pg48,1,4,-75.0,6,19,-68.42,16.67,21.05,37.7,23.7
https://www.legrand.fr/pro/catalogue/prise-fixe-hypra-ip44-63a-380v-a-415v-3pnt-plastique,1,4,-75.0,3,11,-72.73,33.33,36.36,44,1.7
https://www.legrand.fr/pro/catalogue/prise-rj45-categorie-6a-stp-inclinee-a-45deg-avec-blindage-metal-mosaic-2-modules-blanc,1,4,-75.0,19,35,-45.71,5.26,11.43,27.2,28.9
https://www.legrand.fr/pro/catalogue/prise-tv-sat-rj45-cat6-stp-compacte-dooxie-finition-blanc,1,4,-75.0,5,32,-84.38,20.0,12.5,5,5.2
https://www.legrand.fr/pro/catalogue/prisinter-fixe-hypra-ip4455-16a-380v-a-415v-3pt-plastique,1,4,-75.0,6,13,-53.85,16.67,30.77,3.7,8.5
https://www.legrand.fr/pro/catalogue/prisinter-fixe-hypra-ip4455-63a-380v-a-415v-3pt-plastique,1,4,-75.0,5,12,-58.33,20.0,33.33,4.4,5.2
https://www.legrand.fr/pro/catalogue/produits-industriels/collier-et-accessoires-de-reperage,1,4,-75.0,108,196,-44.9,0.93,2.04,13.5,17.4
https://www.legrand.fr/pro/catalogue/profil-perfore-en-u-u2424-section-24x24x15mm-perforation-7x25mm-et-longueur-3m-finition-gs,1,4,-75.0,3,20,-85.0,33.33,20.0,3.3,3.1
https://www.legrand.fr/pro/catalogue/profil-perfore-en-z-section-24x24x24mm-perforation-7x25mm-et-longueur-3m-finition-gs,1,4,-75.0,8,26,-69.23,12.5,15.38,23.4,4.9
https://www.legrand.fr/pro/catalogue/rallonge-multiprise-extra-plate-equipee-de-5-prises-2pt-16a-3680w-avec-cordon-longueur-3m-blanc-et-gris-clair,1,4,-75.0,1078,537,100.74,0.09,0.74,7.0,7.2
https://www.legrand.fr/pro/catalogue/rehausse-pour-coffret-drivia-13-modules-2-rangees-blanc-ral9003,1,4,-75.0,2,50,-96.0,50.0,8.0,6,23.4
https://www.legrand.fr/pro/catalogue/repartiteur-television-2-sorties-typef-0mhz-a-2400mhz,1,4,-75.0,8,30,-73.33,12.5,13.33,17.8,14.2
https://www.legrand.fr/pro/catalogue/securite-communication-et-reseau/reseau-informatique,1,4,-75.0,101,276,-63.41,0.99,1.45,58.0,50.6
https://www.legrand.fr/pro/catalogue/securite-communication-et-reseau/securite-des-acces,1,4,-75.0,14,30,-53.33,7.14,13.33,64.9,33.0
https://www.legrand.fr/pro/catalogue/support-de-fixation-pour-pluviometre-intelligent-et-anemometre-intelligent-netatmo,1,4,-75.0,52,66,-21.21,1.92,6.06,14.6,18.4
https://www.legrand.fr/pro/catalogue/support-isolant-1-barre-par-pole-pour-barres-cuivre-plates-en-position-inclinee-jusqua-800a,1,4,-75.0,2,8,-75.0,50.0,50.0,4,1
https://www.legrand.fr/pro/catalogue/transformateur-commande-et-separation-des-circuits-connexion-automatique-primaire-230v-a-400v-secondaire-230v-160va,1,4,-75.0,5,8,-37.5,20.0,50.0,3,3.9
https://www.legrand.fr/pro/catalogue/transformateur-de-securite-primaire-230v-a-400v-et-secondaire-24v-63va,1,4,-75.0,12,47,-74.47,8.33,8.51,21.6,4
https://www.legrand.fr/pro/catalogue/transformateur-de-separation-des-circuits-primaire-230v-a-400v-et-secondaire-115v-a-230v-310va,1,4,-75.0,5,16,-68.75,20.0,25.0,21.2,4.2
https://www.legrand.fr/pro/catalogue/transformateur-htabt-aaoak-2000kva-4700kg-primaire-20kv-aluminium-1950x1000x2260mm,1,4,-75.0,34,39,-12.82,2.94,10.26,11.3,8.6
https://www.legrand.fr/pro/catalogue/tube-led-s19-pour-appliques-prismaline,1,4,-75.0,14,98,-85.71,7.14,4.08,24.6,25.6
https://www.legrand.fr/pro/catalogue/unite-de-protection-mp410-avec-fonction-mesure-pour-dmx32500-dmx34000-et-dmx36300-pour-reglages-irtr-isd-tsd-li-lg-et-tg,1,4,-75.0,4,11,-63.64,25.0,36.36,10.2,6
https://www.legrand.fr/pro/catalogue/va-et-vient-a-levier-epure-finition-blanc-satin-art-darnould,1,4,-75.0,12,20,-40.0,8.33,20.0,10,11.2
https://www.legrand.fr/pro/catalogue/variateur-toutes-charges-dimmables-living-now-2-fils-sans-neutre-2-modules,1,4,-75.0,2,16,-87.5,50.0,25.0,1,3.8
https://www.legrand.fr/pro/decouvrez-le-service-clients-legrand-cable-management,1,4,-75.0,47,50,-6.0,2.13,8.0,16,18.6
https://www.legrand.fr/pro/la-marque/baes-reconditionnes-economie-circulaire,1,4,-75.0,25,40,-37.5,4.0,10.0,10.5,12.0
https://www.legrand.fr/questions-frequentes/a-quoi-sert-lemplacement-libre-dans-le-support-box,1,4,-75.0,136,279,-51.25,0.74,1.43,16.1,14.8
https://www.legrand.fr/questions-frequentes/au-bout-de-combien-de-temps-dois-je-changer-la-batterie-du-detecteur-de-fumee-intelligent-netatmo-eliot,1,4,-75.0,14,63,-77.78,7.14,6.35,13.4,7.8
https://www.legrand.fr/questions-frequentes/comment-desactiver-lacces-dun-utilisateur-a-mon-portier-dans-lapp-door-entry-classe-100x-eliot,1,4,-75.0,1,11,-90.91,100,36.36,1,4.2
https://www.legrand.fr/questions-frequentes/comment-reconnaitre-un-interrupteur-bipolaire,1,4,-75.0,74,160,-53.75,1.35,2.5,7.6,7.8
https://www.legrand.fr/questions-frequentes/quelle-difference-entre-un-thermostat-connecte-et-un-thermostat-programmable,1,4,-75.0,321,494,-35.02,0.31,0.81,22.5,22.3
https://www.legrand.fr/questions-frequentes/quels-cables-pour-brancher-un-visiophone,1,4,-75.0,98,162,-39.51,1.02,2.47,24.8,21.0
https://www.legrand.fr/pro/catalogue/programmateur-menager-journalier-avec-fiche-2pt-et-socle-2pt-16a,5,19,-73.68,154,351,-56.13,3.25,5.41,18.1,10.6
https://www.legrand.fr/pro/catalogue/goulotte-1-compartiment-50x80mm-dlp-monobloc-blanc,4,15,-73.33,76,181,-58.01,5.26,8.29,16.7,16.8
https://www.legrand.fr/pro/catalogue/interrupteur-sectionneur-vistop-63a-4p-avec-commande-laterale-et-poignee-noire,4,15,-73.33,29,147,-80.27,13.79,10.2,11.3,14.0
https://www.legrand.fr/pro/catalogue/support-mosaic-2-modules-pour-goulotte-dlp-monobloc-avec-couvercle-65mm,4,15,-73.33,37,108,-65.74,10.81,13.89,6.0,18.4
https://www.legrand.fr/pro/catalogue/double-prise-usb-1-type-a-1-type-c-dooxie-3a-finition-blanc,6,22,-72.73,222,403,-44.91,2.7,5.46,11,9.5
https://www.legrand.fr/catalogue/fiche/prise-programmable-programme-journalier,3,11,-72.73,520,935,-44.39,0.58,1.18,11.6,12.2
https://www.legrand.fr/catalogue/plaque-de-couleur-et-cadre-saillie/plaque-celiane-laque-blanc-4-postes,3,11,-72.73,106,240,-55.83,2.83,4.58,35.6,40.2
https://www.legrand.fr/pro/catalogue/disjoncteur-differentiel-monobloc-dx36000-10ka-arrivee-haute-vis-depart-haut-automatique-4p-400v-40a-typeac-30ma,3,11,-72.73,133,174,-23.56,2.26,6.32,28.7,31.8
https://www.legrand.fr/pro/catalogue/disjoncteur-dx36000-10ka-arrivee-haute-et-depart-bas-a-vis-3p-400v-32a-courbe-c-pour-peigne-hx3-traditionnel,3,11,-72.73,73,125,-41.6,4.11,8.8,21.1,14.7
https://www.legrand.fr/pro/catalogue/enjoliveur-celiane-pour-prise-de-courant-2pt-surface-finition-graphite,3,11,-72.73,32,96,-66.67,9.38,11.46,35.8,12.8
https://www.legrand.fr/pro/catalogue/hublot-blanc-standard-avec-diffuseur-polycarbonate-transparent-super-400-a-detection-hf-et-douille-e27-a-equiper,3,11,-72.73,29,55,-47.27,10.34,20.0,5,5.8
https://www.legrand.fr/pro/catalogue/pack-de-demarrage-pour-installation-connectee-drivia-with-netatmo-module-control,3,11,-72.73,68,57,19.3,4.41,19.3,8.2,5.1
https://www.legrand.fr/pro/catalogue/parafoudre-avec-protection-de-court-cicuit-integree-typet2-imax-40ka-3pn-320v-8-modules,3,11,-72.73,34,70,-51.43,8.82,15.71,51.2,54.5
https://www.legrand.fr/pro/catalogue/plaque-cabstop-ip55-avec-28-entrees-o5mm-a-o14mm-et-2-entrees-o14mm-a-o24mm-avec-2-reserves,3,11,-72.73,10,27,-62.96,30.0,40.74,2.5,1.1
https://www.legrand.fr/pro/catalogue/repartiteur-de-rangee-lexiclic-3p2n-avec-cordon-connecteur-longueur-120mm,3,11,-72.73,23,26,-11.54,13.04,42.31,3.3,2.2
https://www.legrand.fr/pro/catalogue/scie-cloche-o67mm-pour-boite-batibox-cloisons-seches-1-a-4-postes,3,11,-72.73,164,377,-56.5,1.83,2.92,15.7,11.5
https://www.legrand.fr/pro/catalogue/transformateur-pour-sonnerie-230v-vers-24v-a-12v-24va-a-18-va-4-modules,3,11,-72.73,17,67,-74.63,17.65,16.42,16.1,9.5
https://www.legrand.fr/pro/questions-frequentes/comment-choisir-des-prises-industrielles,3,11,-72.73,217,317,-31.55,1.38,3.47,15.5,17.0
https://www.legrand.fr/questions-frequentes/quelles-applications-pour-la-domotique,3,11,-72.73,233,439,-46.92,1.29,2.51,13.9,14.8
https://www.legrand.fr/pro/catalogue/prise-de-courant-connectee-celiane-with-netatmo-16a-3680w-avec-mesure-et-suivi-consommation-blanc-sans-plaque,5,18,-72.22,323,466,-30.69,1.55,3.86,17.5,18.9
https://www.legrand.fr/pro/outils/tutoriels/comment-realiser-une-combinaison-2-postes-entraxe-57mm-dooxie-tm-en-renovation-grace-aux-supports-secables-des-mecanismes,9,32,-71.88,218,448,-51.34,4.13,7.14,18.3,19.2
https://www.legrand.fr/catalogue/interrupteur/interrupteur-ou-va-et-vient-temoin-voyant-fourni-celiane-soft-10a-titane,8,28,-71.43,532,660,-19.39,1.5,4.24,16.5,16.3
https://www.legrand.fr/pro/catalogue/goulotte-1-compartiment-50x105mm-dlp-monobloc-blanc,8,28,-71.43,186,321,-42.06,4.3,8.72,8.8,7.7
https://www.legrand.fr/catalogue/boite-dencastrement/couvercle-pour-boite-a-encastrer-batibox-maconnerie-o85mm,4,14,-71.43,311,446,-30.27,1.29,3.14,5.5,4.9
https://www.legrand.fr/pro/catalogue/poste-interieur-video-couleur-classe-100x-connecte-avec-ecran-5pouces-et-boucle-inductive-blanc,4,14,-71.43,25,87,-71.26,16.0,16.09,12,6.9
https://www.legrand.fr/catalogue/interrupteur/interrupteur-ou-va-et-vient-version-etroite-appareillage-saillie-blanc,2,7,-71.43,214,371,-42.32,0.93,1.89,27.9,28.0
https://www.legrand.fr/catalogue/prise/prise-de-courant-2pt-surface-dooxie-16a-livree-avec-plaque-ronde-alu-avec-bague-effet-chrome,2,7,-71.43,314,455,-30.99,0.64,1.54,6.2,6.2
https://www.legrand.fr/catalogue/prise/prise-de-courant-avec-terre-celiane-surface-confort-blanc-avec-support-a-equiper-dune-plaque,2,7,-71.43,71,164,-56.71,2.82,4.27,32.4,32.1
https://www.legrand.fr/catalogue/rallonge-multiprise/rallonge-multiprise-extra-plate-avec-4-prises-de-courant-avec-terre-avec-cordon-3m-blanc-et-gris-clair,2,7,-71.43,283,525,-46.1,0.71,1.33,6.9,8.3
https://www.legrand.fr/catalogue/tableau-electrique/porte-pour-coffret-drivia-4-rangees-13-modules-transparente,2,7,-71.43,125,97,28.87,1.6,7.22,21.8,11.8
https://www.legrand.fr/catalogue/tableau-electrique/tableau-electrique-equipe-evolue-pour-logement-t1-ou-t2,2,7,-71.43,171,436,-60.78,1.17,1.61,26.9,22.9
https://www.legrand.fr/pro/catalogue/appareillage-maison-connectee-et-pilotage-du-batiment/maison-connectee/gestion-du-chauffage-ventilation-et-climatisation,2,7,-71.43,101,212,-52.36,1.98,3.3,41,30.5
https://www.legrand.fr/pro/catalogue/applique-standard-470mm-ip24-et-ik04-prismaline-avec-interrupteur-a-equiper-de-tube-s19,2,7,-71.43,22,45,-51.11,9.09,15.56,8.5,5.1
https://www.legrand.fr/pro/catalogue/baes-devacuation-avec-dispositif-de-balisage-renforce-saillie-leds-ip43-ik07-plastique-sati-adressable-pour-erp-et-ert,2,7,-71.43,137,155,-11.61,1.46,4.52,29.2,19.7
https://www.legrand.fr/pro/catalogue/bloc-de-jonction-pour-conducteur-de-protection-a-vis-viking-3-avec-1-jonction-1-entree-1-sortie-section-16mm2-pas-12mm,2,7,-71.43,8,31,-74.19,25.0,22.58,17.8,5.0
https://www.legrand.fr/pro/catalogue/boite-etanche-monoposte-eco-batibox-diametre-67mm-ou-2-modules-profondeur-40mm,2,7,-71.43,34,71,-52.11,5.88,9.86,11.6,10.0
https://www.legrand.fr/pro/catalogue/coffret-de-proximite-63a-ik07-4p-avec-interrupteur-sectionneur-vistop-et-bornier-de-terre-viking-3,2,7,-71.43,35,37,-5.41,5.71,18.92,26.7,24.0
https://www.legrand.fr/pro/catalogue/coffret-polyester-marina-ip66-ik10-1220x810x300mm-ral7035,2,7,-71.43,5,26,-80.77,40.0,26.92,2.2,4.5
https://www.legrand.fr/pro/catalogue/colonne-2-compartiments-a-clippage-direct-logix-45-corps-et-couvercles-en-aluminium-hauteur-27m-a-39m,2,7,-71.43,11,17,-35.29,18.18,41.18,8.5,10.8
https://www.legrand.fr/pro/catalogue/commande-declairage-sans-contact-celiane-200w-led,2,7,-71.43,10,29,-65.52,20.0,24.14,2.6,7.7
https://www.legrand.fr/pro/catalogue/conduit-irl-4554-extral-r-o25mm-noir,2,7,-71.43,35,58,-39.66,5.71,12.07,6.9,5.0
https://www.legrand.fr/pro/catalogue/cordon-de-brassage-et-utilisateurs-rj45-lcs3-categorie-6-futp-ecrante-impedance-100ohms-longueur-1m-pvc-bleu,2,7,-71.43,131,195,-32.82,1.53,3.59,15.0,14.9
https://www.legrand.fr/pro/catalogue/enjoliveur-pour-prise-de-courant-fort-2pt-surface-confort-celiane-noir,2,7,-71.43,20,67,-70.15,10.0,10.45,10.8,16.3
https://www.legrand.fr/pro/catalogue/fiche-mobile-droite-p17-ip44-32a-380v-a-415v-3pt,2,7,-71.43,13,53,-75.47,15.38,13.21,11.5,6.2
https://www.legrand.fr/pro/catalogue/interrupteur-sectionneur-dx3-is-4p-400v-32a-2-modules,2,7,-71.43,91,90,1.11,2.2,7.78,20.2,14.4
https://www.legrand.fr/pro/catalogue/interrupteur-sectionneur-vistop-160a-4p-avec-commande-frontale-et-poignee-noire,2,7,-71.43,21,71,-70.42,9.52,9.86,9,11.4
https://www.legrand.fr/pro/catalogue/kit-de-mise-a-la-terre-pour-baie-serveur-19pouces,2,7,-71.43,10,31,-67.74,20.0,22.58,14.6,7.3
https://www.legrand.fr/pro/catalogue/prise-de-courant-2pt-eclips-montage-en-plastron-format-reduit,2,7,-71.43,10,33,-69.7,20.0,21.21,8.4,14.5
https://www.legrand.fr/pro/catalogue/prise-de-courant-2pt-surface-a-detrompage-soluclip-pour-goulotte-mosaic-a-clippage-direct-2-modules-rouge,2,7,-71.43,28,90,-68.89,7.14,7.78,12.0,12.1
https://www.legrand.fr/pro/catalogue/prise-optique-equipee-de-2-traversees-scapc-simplex-mosaic-avec-volet-de-protection-integre-2-modules-blanc,2,7,-71.43,42,61,-31.15,4.76,11.48,4.7,4.4
https://www.legrand.fr/pro/catalogue/prise-tv-r-sat-1-cable-dooxie-finition-blanc,2,7,-71.43,23,83,-72.29,8.7,8.43,20.9,14.8
https://www.legrand.fr/pro/catalogue/repartiteur-modulaire-a-barreaux-etages-tetrapolaire-125a-15-departs-10-modules,2,7,-71.43,17,48,-64.58,11.76,14.58,3.1,3.1
https://www.legrand.fr/pro/catalogue/transformateur-de-securite-230v-vers-12v-ou-24v-63va-5-modules,2,7,-71.43,13,34,-61.76,15.38,20.59,7.5,7.7
https://www.legrand.fr/pro/questions-frequentes/comment-fixer-un-va-et-vient-plexo-a-encastrer,2,7,-71.43,28,102,-72.55,7.14,6.86,17.9,15.1
https://www.legrand.fr/questions-frequentes/comment-je-serais-facture-si-je-recharge-ma-voiture-electrique-aux-bornes-de-recharge-de-ma-residence,2,7,-71.43,95,115,-17.39,2.11,6.09,19.0,23.9
https://www.legrand.fr/questions-frequentes/puis-je-personnaliser-les-notifications-de-la-camera-interieure-intelligente-netatmo-eliot,2,7,-71.43,9,29,-68.97,22.22,24.14,4.1,26.8
https://www.legrand.fr/catalogue/interrupteur/permutateur-mosaic-10a-2-modules-blanc,7,24,-70.83,435,688,-36.77,1.61,3.49,21.4,16.1
https://www.legrand.fr/catalogue/accessoire-declairage/fiche-pour-branchement-de-luminaire,5,17,-70.59,284,324,-12.35,1.76,5.25,15.6,12.5
https://www.legrand.fr/pro/catalogue/commande-sans-fils-celiane-with-netatmo-pour-eclairage-et-prise-connectes-titane-sans-plaque,5,17,-70.59,86,205,-58.05,5.81,8.29,61.8,42.0
https://www.legrand.fr/pro/catalogue/poignee-avec-barillet-a-cle-2433a-pour-coffret-atlantic-atlantic-inox-et-marina,5,17,-70.59,33,70,-52.86,15.15,24.29,10.0,7.2
https://www.legrand.fr/pro/catalogue/cadre-saillie-1-poste-dooxie-finition-blanc,6,20,-70.0,164,166,-1.2,3.66,12.05,3.6,4.4
https://www.legrand.fr/catalogue/moulure-et-plinthe/cache-cables-10x10mm-auto-adhesif-blanc,3,10,-70.0,162,287,-43.55,1.85,3.48,11.9,10.8
https://www.legrand.fr/catalogue/prise/double-prise-de-courant-avec-terre-precablee-celiane-surface-blanc,3,10,-70.0,197,440,-55.23,1.52,2.27,53.1,49.1
https://www.legrand.fr/catalogue/prise/prise-de-courant-sans-terre-neptune-16a-blanc,3,10,-70.0,111,173,-35.84,2.7,5.78,17.5,13.3
https://www.legrand.fr/pro/catalogue/bloc-de-jonction-de-passage-a-vis-viking-3-avec-2-jonctions-2-etages-section-25mm2-pas-5mm-gris,3,10,-70.0,36,57,-36.84,8.33,17.54,8.9,6.9
https://www.legrand.fr/pro/catalogue/centrale-de-mesure-multifonction-emdx3-access-sortie-rs485-et-a-implusion-montage-sur-porte-ou-plastron-96x96x60mm,3,10,-70.0,5,20,-75.0,60.0,50.0,3,4.7
https://www.legrand.fr/pro/catalogue/coffret-10pouces-lcs3-capacite-6u-352x314x300mm,3,10,-70.0,54,76,-28.95,5.56,13.16,9.8,12.8
https://www.legrand.fr/pro/catalogue/coupe-circuit-sectionneur-unipolaireneutre-pour-cartouche-cylindrique-industrielle-typeam-ou-gg-10x38mm-500v,3,10,-70.0,8,32,-75.0,37.5,31.25,2.8,12.8
https://www.legrand.fr/pro/catalogue/kit-de-codification-bus-2-fils-et-numerique-pour-kits-video-ou-audio,3,10,-70.0,4,40,-90.0,75.0,25.0,1.8,2.7
https://www.legrand.fr/pro/catalogue/lampe-a-cabler-230v-fluorescent-vert-faible-consommation-055ma,3,10,-70.0,10,50,-80.0,30.0,20.0,11.5,5.0
https://www.legrand.fr/pro/catalogue/peigne-dalimentation-universel-phase-neutre-hx3-horizontale-1p-longueur-18-modules,3,10,-70.0,183,258,-29.07,1.64,3.88,12.4,10.2
https://www.legrand.fr/pro/catalogue/pret-a-poser-connectable-celiane-creer-un-va-et-vient-sans-micromodule-avec-commande-sans-fils-blanc,3,10,-70.0,22,29,-24.14,13.64,34.48,55.4,31.7
https://www.legrand.fr/pro/catalogue/prise-fixe-p17-ip6667-63a-380v-a-415v-3pnt,3,10,-70.0,30,117,-74.36,10.0,8.55,9.3,12.1
https://www.legrand.fr/questions-frequentes/comment-acheter-une-borne-de-recharge,3,10,-70.0,1116,1454,-23.25,0.27,0.69,41.3,42.0
https://www.legrand.fr/questions-frequentes/les-produits-napparaissent-pas-dans-les-pieces-lors-de-la-configuration-a-partir-de-lapp-home-control-et-de-linstallation-guidee-des-produits-que-faire-eliot,3,10,-70.0,37,70,-47.14,8.11,14.29,16.9,20.0
https://www.legrand.fr/pro/catalogue/minuterie-modulaire-multifonction-230v-50hz-et-60hz-sortie-16a-250v-1-module,11,36,-69.44,962,811,18.62,1.14,4.44,9.3,9.8
https://www.legrand.fr/catalogue/prise/sortie-de-cable-mosaic-blanc-complet-avec-plaque-et-fixation-a-vis,4,13,-69.23,366,733,-50.07,1.09,1.77,3.8,4.2
https://www.legrand.fr/catalogue/tableau-electrique/porte-pour-coffret-drivia-1-rangee-13-modules-blanche,4,13,-69.23,113,199,-43.22,3.54,6.53,17.2,11.8
https://www.legrand.fr/pro/catalogue/fiche-mobile-droite-p17-ip44-32a-380v-a-415v-3pnt,4,13,-69.23,37,70,-47.14,10.81,18.57,23.3,6.3
https://www.legrand.fr/pro/catalogue/pret-a-poser-celiane-creer-un-va-et-vient-avec-1-commande-sans-fils-et-1-interrupteur-230v-livre-complet-blanc,4,13,-69.23,211,297,-28.96,1.9,4.38,21.1,19.0
https://www.legrand.fr/questions-frequentes,4,13,-69.23,259,461,-43.82,1.54,2.82,22.8,16.4
https://www.legrand.fr/catalogue/prise/double-prise-de-courant-avec-terre-precablee-volet-ip55-plexo-hori-gris,5,16,-68.75,560,820,-31.71,0.89,1.95,13.5,11.0
https://www.legrand.fr/catalogue/prise/prise-de-courant-sans-terre-appareillage-saillie-bornes-a-vis-blanc,5,16,-68.75,422,764,-44.76,1.18,2.09,14.8,10.0
https://www.legrand.fr/catalogue/prise/prise-de-courant-surface-mosaic-blanc-avec-plaque-et-fixation-a-vis,5,16,-68.75,914,1315,-30.49,0.55,1.22,17.3,16.5
https://www.legrand.fr/pro/catalogue/bloc-autonome-dalarme-sonore-manuel-baas-typema,5,16,-68.75,161,263,-38.78,3.11,6.08,16.1,16.5
https://www.legrand.fr/questions-frequentes/comment-brancher-une-horloge-sur-un-tableau-electrique,18,57,-68.42,1742,2385,-26.96,1.03,2.39,16.4,14.7
https://www.legrand.fr/pro/catalogue/commande-simple-pour-eclairage-et-prises-sans-fils-celiane-with-netatmo-avec-support-et-enjoliveur-blanc,6,19,-68.42,16,60,-73.33,37.5,31.67,22.4,15.7
https://www.legrand.fr/maison-connectee/les-visiophones-connectes-des-solutions-qui-vous-changent-la-vie,7,22,-68.18,881,1885,-53.26,0.79,1.17,18.1,15.0
https://www.legrand.fr/pro/catalogue/moulure-dlplus-32x125mm-1-compartiment-longueur-21m-blanc,7,22,-68.18,139,227,-38.77,5.04,9.69,8.4,5.6
https://www.legrand.fr/actualites/parafoudres-bien-se-proteger-contre-la-foudre-et-les-surtensions,16,48,-66.67,1270,1897,-33.05,1.26,2.53,20.3,17.3
https://www.legrand.fr/pro/catalogue/disjoncteur-magnetothermique-differentiel-dpx3160-pouvoir-de-coupure-16ka-400v-4p-160a,9,27,-66.67,119,199,-40.2,7.56,13.57,7.1,4.1
https://www.legrand.fr/catalogue/prise/prise-de-courant-avec-terre-etanche-avec-volet-plexo-16a-250v-livree-complete-pour-montage-en-encastre-avec-griffes-sable,5,15,-66.67,155,360,-56.94,3.23,4.17,14.0,12.4
https://www.legrand.fr/pro/catalogue/boite-monoposte-batibox-pour-cloisons-seches-1-poste-ou-2-modules-profondeur-40mm,5,15,-66.67,173,280,-38.21,2.89,5.36,15.5,9.4
https://www.legrand.fr/pro/catalogue/disjoncteur-differentiel-monobloc-dx36000-arrivee-haute-et-depart-bas-a-vis-4p-400v-32a-typeac-300ma,5,15,-66.67,63,103,-38.83,7.94,14.56,28.5,14.8
https://www.legrand.fr/pro/catalogue/interrupteur-ou-va-et-vient-etanche-plexo-10ax-250v-ip55-ik08-avec-enjoliveur-finition-gris,5,15,-66.67,25,56,-55.36,20.0,26.79,16.0,27.7
https://www.legrand.fr/pro/catalogue/prise-hdmi-20-type-a-preconnectorisee-dooxie-finition-blanc,5,15,-66.67,442,437,1.14,1.13,3.43,12.5,14.7
https://www.legrand.fr/pro/catalogue/repartiteur-modulaire-a-barreaux-etages-tetrapolaire-100a-10-departs-6-modules,5,15,-66.67,139,118,17.8,3.6,12.71,6.7,5.6
https://www.legrand.fr/pro/catalogue/support-a-vis-pour-mosaic-celiane-ou-soliroc-pour-4-postes-ou-10-modules,5,15,-66.67,127,210,-39.52,3.94,7.14,14.2,9.2
https://www.legrand.fr/pro/nos-showrooms/innoval-Limoges,5,15,-66.67,304,383,-20.63,1.64,3.92,12.0,10.0
https://www.legrand.fr/pro/catalogue/contacteur-de-puissance-cx3-bobine-230v-4p-400v-40a-contact-4f-3-modules,4,12,-66.67,187,205,-8.78,2.14,5.85,15.8,16.3
https://www.legrand.fr/pro/catalogue/produits-industriels/enveloppe-industrielle/armoire-industrielle,4,12,-66.67,737,904,-18.47,0.54,1.33,17.5,20.2
https://www.legrand.fr/pro/catalogue/station-meteo-intelligente-et-connectee-netatmo-pour-acceder-aux-donnees-meteo-en-temps-reel-sur-smartphone,4,12,-66.67,192,390,-50.77,2.08,3.08,18.3,17.6
https://www.legrand.fr/catalogue/interrupteur-volet-roulant-connecte/interrupteur-pour-volet-roulant-pour-installation-connectee-dooxie-with-netatmo-complet-avec-plaque-blanche,3,9,-66.67,150,247,-39.27,2.0,3.64,24.6,24.2
https://www.legrand.fr/catalogue/interrupteur/interrupteur-ou-va-et-vient-lumineux-etanche-plexo-10a-livre-complet-pour-montage-en-encastre-avec-griffes-gris,3,9,-66.67,46,64,-28.12,6.52,14.06,21.6,19.0
https://www.legrand.fr/catalogue/prise/double-prise-de-courant-avec-terre-etanche-precablee-avec-volet-plexo-16a-250v-livree-complete-montage-apparent-vertical-anthracite,3,9,-66.67,137,183,-25.14,2.19,4.92,32.6,18.9
